{
    "train_acc": [
        53.95,
        58.95,
        62.75,
        63.8,
        66.3,
        67.0,
        69.9,
        69.8,
        71.95,
        72.95,
        74.35,
        75.65,
        75.15,
        76.7,
        76.25,
        76.4,
        78.4,
        79.55,
        79.4,
        79.45,
        80.35,
        79.75,
        79.3,
        80.0,
        79.8,
        81.1,
        81.8,
        82.55,
        81.75,
        83.75,
        83.6,
        83.15,
        85.0,
        85.5,
        85.85,
        85.25,
        85.4,
        86.4,
        86.7,
        87.35,
        86.3,
        87.05,
        87.1,
        88.75,
        88.7,
        86.65,
        87.8,
        89.4,
        88.6,
        88.4
    ],
    "train_loss": [
        0.7083939171972728,
        0.6650258293227543,
        0.6444052235474662,
        0.6318188787452759,
        0.6114536897530631,
        0.6000180812109084,
        0.5897106523551638,
        0.5758803169878702,
        0.5581339299678802,
        0.5434260235892402,
        0.5248654375946711,
        0.511981232298745,
        0.5090404365743909,
        0.5014707763043661,
        0.4939865867296855,
        0.4822400642765893,
        0.4689925043355851,
        0.45085413730333723,
        0.4491815164921776,
        0.44327969068572637,
        0.4375861329691751,
        0.4387592275937398,
        0.4413528063940623,
        0.4248344794152275,
        0.43649515769784414,
        0.4173177144830189,
        0.407259443686122,
        0.38829024680077084,
        0.39643522292848615,
        0.37689760824044544,
        0.37842881135524264,
        0.37473149219202617,
        0.3634080917589248,
        0.3483551154060969,
        0.3337037991436701,
        0.3481250750640082,
        0.3280717318966275,
        0.32047389755173333,
        0.32071928171411396,
        0.3154048031521222,
        0.31945586228181444,
        0.29919049191096475,
        0.29021477935806156,
        0.27795629558109103,
        0.2821367501266419,
        0.3075142209492033,
        0.2898938911301749,
        0.26339137081115965,
        0.2667546234433613,
        0.2696044733600011
    ],
    "validation_acc": [
        58.666666666666664,
        61.5,
        63.0,
        64.16666666666667,
        69.16666666666667,
        67.66666666666667,
        69.0,
        62.0,
        67.66666666666667,
        67.16666666666667,
        71.5,
        73.0,
        70.0,
        74.16666666666667,
        76.5,
        73.83333333333333,
        77.33333333333333,
        74.5,
        76.16666666666667,
        77.0,
        78.16666666666667,
        75.33333333333333,
        77.83333333333333,
        76.16666666666667,
        78.83333333333333,
        74.83333333333333,
        78.5,
        77.83333333333333,
        81.0,
        80.33333333333333,
        80.66666666666667,
        79.66666666666667,
        80.0,
        74.5,
        81.33333333333333,
        79.5,
        81.83333333333333,
        82.5,
        81.66666666666667,
        74.0,
        75.0,
        82.83333333333333,
        82.33333333333333,
        82.83333333333333,
        81.33333333333333,
        81.66666666666667,
        83.0,
        83.16666666666667,
        78.83333333333333,
        83.66666666666667
    ],
    "validation_loss": [
        0.7591472754352971,
        0.6631765773421839,
        0.6575048565864563,
        0.6251064554641121,
        0.6123240009734505,
        0.6327573515866932,
        0.6036585349785654,
        0.6298693951807524,
        0.6285200871919331,
        0.6302983023618397,
        0.5960490201648913,
        0.5466233570324747,
        0.5750863112901387,
        0.5328221556387449,
        0.5076889630995298,
        0.5225790268496463,
        0.49296576098391887,
        0.5559295353136564,
        0.5610638300054952,
        0.49568235874176025,
        0.4745461172179172,
        0.5127209534770564,
        0.4750019233477743,
        0.4719988437075364,
        0.48107434338644933,
        0.5360483919319353,
        0.4657167557038759,
        0.4812018557598716,
        0.44106085676895945,
        0.465262676540174,
        0.42545219314725774,
        0.44571396551634135,
        0.4642851933052665,
        0.5864171103427285,
        0.46574319036383377,
        0.4652089115820433,
        0.41659808629437495,
        0.46118320367838206,
        0.4132796565168782,
        0.655154706027947,
        0.6358314215352661,
        0.4193692568101381,
        0.44836039370612096,
        0.45707037495939357,
        0.4483900564281564,
        0.4689481917180513,
        0.40339631077490357,
        0.4256990230397174,
        0.5204812821589018,
        0.4132261158604371
    ]
}