{
    "train_acc": [
        56.3,
        59.45,
        64.45,
        64.85,
        68.35,
        67.4,
        69.9,
        71.9,
        73.25,
        74.9,
        75.35,
        74.7,
        75.6,
        76.6,
        78.0,
        78.8,
        78.5,
        79.25,
        80.45,
        80.05,
        79.9,
        79.9,
        82.3,
        82.95,
        83.0,
        82.55,
        82.25,
        83.8,
        85.75,
        84.35,
        84.6,
        86.75,
        85.35,
        86.35,
        86.1,
        87.1,
        87.85,
        87.4,
        87.7,
        87.7,
        88.95,
        89.0,
        88.5,
        88.4,
        89.25,
        88.45,
        89.6,
        89.3,
        90.2,
        90.85
    ],
    "train_loss": [
        0.7091991466189188,
        0.6581631615048363,
        0.6323564270186046,
        0.6213953230116103,
        0.5988711109237065,
        0.5936097800731659,
        0.5710383682023912,
        0.5627156207485805,
        0.5473810008593968,
        0.5336769762493315,
        0.4998382003534408,
        0.5102121172443269,
        0.5107004590450771,
        0.4863187893042489,
        0.46292258917339263,
        0.4521918911782522,
        0.4598987490411789,
        0.4619585852774363,
        0.4245419603964639,
        0.42971928299419465,
        0.4288664252038986,
        0.4339533850314125,
        0.4069817614933801,
        0.4057874707948594,
        0.3814273989862866,
        0.37612950352449265,
        0.3831679958199698,
        0.36008592422992464,
        0.34884453458445414,
        0.35572660040287746,
        0.35505960621531046,
        0.32932924207240816,
        0.34038408952099936,
        0.31930738994999536,
        0.31320092271244715,
        0.3092402685729284,
        0.29271481304414687,
        0.28778061282540124,
        0.2947886176998653,
        0.288314934642542,
        0.2715908432054141,
        0.2683722558948729,
        0.2841112806446969,
        0.26408937407864463,
        0.2580011954146718,
        0.264343990929543,
        0.24913655292420162,
        0.2669603642490175,
        0.23928516677447728,
        0.2256492790248659
    ],
    "validation_acc": [
        53.333333333333336,
        59.166666666666664,
        57.5,
        65.33333333333333,
        68.33333333333333,
        54.0,
        67.5,
        69.33333333333333,
        71.83333333333333,
        72.83333333333333,
        69.0,
        72.66666666666667,
        67.83333333333333,
        71.83333333333333,
        75.16666666666667,
        68.66666666666667,
        74.83333333333333,
        76.16666666666667,
        79.66666666666667,
        76.5,
        72.33333333333333,
        79.0,
        79.16666666666667,
        80.16666666666667,
        79.16666666666667,
        80.83333333333333,
        80.33333333333333,
        81.33333333333333,
        80.5,
        80.5,
        83.0,
        82.33333333333333,
        81.5,
        83.66666666666667,
        82.5,
        73.83333333333333,
        79.33333333333333,
        83.66666666666667,
        82.83333333333333,
        82.0,
        84.83333333333333,
        84.16666666666667,
        82.16666666666667,
        84.33333333333333,
        75.5,
        83.16666666666667,
        83.33333333333333,
        82.83333333333333,
        84.5,
        84.83333333333333
    ],
    "validation_loss": [
        0.720394956438165,
        0.6771420710965207,
        0.7514741906994268,
        0.6607966328922071,
        0.605539365818626,
        0.8354344603262449,
        0.6147270955537495,
        0.5885882879558363,
        0.5624082402179116,
        0.5651408637824812,
        0.5921408220341331,
        0.5918991299051988,
        0.7175300913421732,
        0.5665160833220733,
        0.5333454561860937,
        0.6816126249338451,
        0.5316638554397383,
        0.49734692197096975,
        0.5249705440119693,
        0.5429339620627855,
        0.6259910985827446,
        0.4754436941523301,
        0.49167041009978246,
        0.45991660732971995,
        0.5376500318709173,
        0.45156610796326085,
        0.4338920571302113,
        0.4456859615288283,
        0.45883988392980474,
        0.46151144096725866,
        0.4207782847316642,
        0.4269282362963024,
        0.4619325509196834,
        0.44014333659096766,
        0.4516170801300752,
        0.649865562194272,
        0.4920557741271822,
        0.4136053911949459,
        0.4379624653803675,
        0.456473445421771,
        0.3985801127396132,
        0.41183783584519434,
        0.463910420866389,
        0.42722277264846,
        0.5835984943336562,
        0.4573552941805438,
        0.46559146125065654,
        0.4226425933210473,
        0.43584727888044555,
        0.3927992343118316
    ]
}