{
    "train_acc": [
        57.2,
        62.4,
        64.6,
        65.8,
        69.95,
        70.15,
        70.9,
        71.7,
        73.65,
        74.65,
        75.0,
        75.35,
        78.8,
        77.4,
        77.95,
        80.5,
        80.3,
        79.35,
        79.85,
        80.7,
        81.1,
        82.15,
        82.25,
        83.25,
        83.1,
        84.35,
        83.6,
        84.8,
        85.5,
        85.7,
        86.05,
        85.6,
        86.05,
        87.15,
        87.25,
        86.85,
        87.65,
        86.45,
        88.0,
        88.2,
        88.7,
        88.9,
        89.0,
        88.5,
        88.55,
        89.95,
        90.25,
        90.2,
        90.05,
        91.25
    ],
    "train_loss": [
        0.6919102829600138,
        0.6432697356693329,
        0.6273823328434475,
        0.6130113838210939,
        0.57660540181493,
        0.5819952861657218,
        0.5573143329885271,
        0.5554464208701301,
        0.5273409093183185,
        0.5157815284199185,
        0.5126364883922395,
        0.5007760397025517,
        0.4736572891946823,
        0.47013168249811443,
        0.4674075633760483,
        0.4438387746848757,
        0.43670819652458975,
        0.4418196467653153,
        0.42443076249152895,
        0.43260843200342997,
        0.4099543376101388,
        0.40308160701441387,
        0.39367546424979255,
        0.3774168628548819,
        0.3897342353113114,
        0.3547979550702231,
        0.36591239935821956,
        0.36370014600337497,
        0.335800448107341,
        0.34801198210981155,
        0.31911226279205746,
        0.32983103914866374,
        0.329421620283808,
        0.29836453757588827,
        0.30338400933477616,
        0.29613097319527276,
        0.300552027329566,
        0.30134762587055325,
        0.28470720953884576,
        0.2701337607133956,
        0.26687860311496825,
        0.26030369930797154,
        0.2651106222044854,
        0.2693827574451764,
        0.2597354541695307,
        0.25125502552541473,
        0.23371275289664192,
        0.23308945577296,
        0.24056505813958154,
        0.22287642825690526
    ],
    "validation_acc": [
        62.166666666666664,
        58.0,
        62.833333333333336,
        61.166666666666664,
        70.16666666666667,
        65.5,
        70.16666666666667,
        70.83333333333333,
        73.33333333333333,
        73.16666666666667,
        74.5,
        75.16666666666667,
        71.66666666666667,
        74.5,
        66.83333333333333,
        78.16666666666667,
        73.66666666666667,
        77.5,
        73.66666666666667,
        77.5,
        76.0,
        74.5,
        79.33333333333333,
        76.5,
        78.33333333333333,
        78.5,
        78.16666666666667,
        77.83333333333333,
        82.5,
        81.66666666666667,
        80.66666666666667,
        82.16666666666667,
        82.5,
        80.33333333333333,
        81.16666666666667,
        81.16666666666667,
        68.5,
        77.83333333333333,
        83.0,
        83.66666666666667,
        85.33333333333333,
        83.83333333333333,
        81.0,
        83.0,
        80.16666666666667,
        82.33333333333333,
        83.0,
        85.33333333333333,
        86.16666666666667,
        84.66666666666667
    ],
    "validation_loss": [
        0.6672564305757221,
        0.7312084577585521,
        0.6621043180164538,
        0.6480951732710788,
        0.6001109559285013,
        0.62160146863837,
        0.5794841929485923,
        0.5919966885918065,
        0.5412863414538535,
        0.5543779715111381,
        0.5685417401163202,
        0.5090926289558411,
        0.5682852315275293,
        0.5518615896764555,
        0.7120315275694195,
        0.48917518163982193,
        0.6344092319670477,
        0.49725931255440964,
        0.5719614624977112,
        0.5299454911759025,
        0.6152264805216539,
        0.627101548800343,
        0.46529489755630493,
        0.5631007928597299,
        0.45732261475763825,
        0.4852212910589419,
        0.45632531925251607,
        0.5463478259350124,
        0.45329822521460683,
        0.45306465500279475,
        0.4930470640722074,
        0.43598377469338867,
        0.4328781280078386,
        0.45823338941523906,
        0.5112380718714312,
        0.4855646879265183,
        0.8629045313910434,
        0.5414738686461198,
        0.49014883527630254,
        0.42904752492904663,
        0.42115765182595505,
        0.43422938412741613,
        0.48688455631858424,
        0.4685988536006526,
        0.5263740902668551,
        0.44268608328543213,
        0.4701874773753317,
        0.397603820029058,
        0.3774406055086537,
        0.41760579143699844
    ]
}