{
    "train_acc": [
        58.25,
        61.35,
        65.7,
        66.4,
        69.5,
        70.8,
        72.35,
        72.0,
        74.3,
        74.0,
        74.35,
        74.75,
        76.5,
        77.15,
        77.55,
        78.45,
        78.8,
        79.1,
        79.3,
        79.55,
        79.0,
        79.35,
        81.25,
        81.5,
        81.25,
        83.55,
        84.3,
        83.3,
        84.35,
        83.65,
        84.85,
        84.45,
        85.85,
        85.45,
        85.25,
        85.9,
        85.45,
        86.35,
        85.6,
        87.4,
        87.75,
        88.25,
        87.9,
        89.3,
        89.4,
        89.45,
        90.05,
        90.15,
        90.05,
        89.8
    ],
    "train_loss": [
        0.6958012845781114,
        0.653298126326667,
        0.6218657285448105,
        0.6099498007032607,
        0.5751413253564683,
        0.578943888819407,
        0.5563527624758463,
        0.5519335672022805,
        0.5297255932338654,
        0.5252008461762988,
        0.5230703978311448,
        0.5284003374122438,
        0.4978825913535224,
        0.4759094975297413,
        0.47870936138289316,
        0.46529694303633673,
        0.4717191434095776,
        0.45130403552736553,
        0.43873977188080077,
        0.44507645661868744,
        0.4482427532710726,
        0.426275578756181,
        0.42170834115573336,
        0.41509552843986997,
        0.39581257696189576,
        0.384938802510973,
        0.37109806660621886,
        0.368551415583444,
        0.35600792179031976,
        0.37114795782263316,
        0.36187011476547,
        0.35512559163191965,
        0.3374932753661322,
        0.33808003011203946,
        0.34404399234151084,
        0.3168655797129586,
        0.3183368472825913,
        0.3215176484414509,
        0.3159772397743331,
        0.2928784429317429,
        0.2755668458957521,
        0.2686837666801044,
        0.2974514340360959,
        0.2534074296080877,
        0.2610911875963211,
        0.2615345786251719,
        0.24216763438686492,
        0.2372274927440144,
        0.23278057184957324,
        0.23745737733348968
    ],
    "validation_acc": [
        55.5,
        62.666666666666664,
        59.5,
        61.5,
        64.5,
        59.333333333333336,
        68.33333333333333,
        62.666666666666664,
        70.83333333333333,
        68.33333333333333,
        72.66666666666667,
        74.66666666666667,
        75.0,
        75.0,
        73.16666666666667,
        75.5,
        74.16666666666667,
        69.83333333333333,
        74.33333333333333,
        76.5,
        75.16666666666667,
        77.16666666666667,
        76.16666666666667,
        75.83333333333333,
        75.5,
        80.0,
        73.33333333333333,
        80.83333333333333,
        78.66666666666667,
        83.66666666666667,
        69.33333333333333,
        81.33333333333333,
        82.0,
        69.0,
        70.66666666666667,
        81.83333333333333,
        78.5,
        74.16666666666667,
        82.83333333333333,
        72.66666666666667,
        79.83333333333333,
        81.83333333333333,
        81.5,
        79.33333333333333,
        79.5,
        84.33333333333333,
        79.66666666666667,
        82.66666666666667,
        83.5,
        78.5
    ],
    "validation_loss": [
        0.690351299549404,
        0.6617222522434435,
        0.7082363994498002,
        0.6736170053482056,
        0.6732660657481143,
        0.7616545918740725,
        0.6111808544711063,
        0.8141979700640628,
        0.5988626244821047,
        0.6032622927113583,
        0.6011821078626733,
        0.5349118897789403,
        0.5155422781643114,
        0.5424669526125255,
        0.5209180351934934,
        0.5044655768494857,
        0.5293430936963934,
        0.624601136696966,
        0.6334405180655027,
        0.500703690867675,
        0.5157480984926224,
        0.5194871135448155,
        0.5810691886826566,
        0.5045116794736761,
        0.5742916488333752,
        0.5040834169638785,
        0.5715511260848296,
        0.44175926243004043,
        0.5099436727009321,
        0.43585635172693354,
        0.7736636919802741,
        0.432200583972429,
        0.4833189037285353,
        0.9036629354875338,
        0.746515789706456,
        0.46649016910477686,
        0.5083184979463878,
        0.6883435049339345,
        0.43258482217788696,
        0.6251736768570385,
        0.5472854599356651,
        0.4674406710423921,
        0.4477715923597938,
        0.4319293487228845,
        0.5841208808124065,
        0.4188238088237612,
        0.5594933240821487,
        0.44737606995591994,
        0.45849865674972534,
        0.5071433010069948
    ]
}