{
    "train_acc": [
        57.1,
        62.3,
        63.3,
        65.45,
        68.45,
        69.0,
        70.6,
        70.1,
        74.35,
        74.5,
        75.6,
        76.8,
        77.05,
        78.25,
        78.6,
        80.35,
        79.6,
        80.2,
        79.4,
        80.6,
        80.9,
        81.75,
        81.1,
        82.8,
        83.2,
        84.35,
        83.2,
        84.2,
        84.85,
        84.6,
        85.6,
        85.35,
        85.8,
        86.0,
        86.2,
        85.95,
        87.25,
        86.6,
        88.1,
        87.8,
        87.65,
        87.9,
        88.9,
        88.1,
        88.85,
        89.9,
        89.15,
        88.75,
        90.2,
        90.45
    ],
    "train_loss": [
        0.6942992853739905,
        0.6472946192537036,
        0.6272420873717656,
        0.612836115890079,
        0.5833331015374925,
        0.5836954306042383,
        0.562193762215357,
        0.5592360189036717,
        0.5248619488307408,
        0.5153573477078998,
        0.5019466999977354,
        0.5049024952782525,
        0.4807730468492659,
        0.4671546059941489,
        0.45949359167189824,
        0.44568337263568997,
        0.4460693652194644,
        0.4393108380692346,
        0.4258702288544367,
        0.42753685514132184,
        0.41695577190035865,
        0.41397306157482994,
        0.4063944218177644,
        0.3870029931976682,
        0.3953315880563524,
        0.3643994629383087,
        0.38754715853267246,
        0.3778994244242471,
        0.35569749536022305,
        0.37189310954676735,
        0.33361755926457665,
        0.3399673071172502,
        0.33095146171630374,
        0.32005778581850114,
        0.32175605921518236,
        0.32425070211054785,
        0.30654207262254896,
        0.3144105928284781,
        0.28733939062508324,
        0.2827892757597424,
        0.2898129190480898,
        0.2846535657133375,
        0.2726933015953927,
        0.2726484007305569,
        0.2611559472150273,
        0.2502867822786645,
        0.25094634471904664,
        0.24944780802442915,
        0.24035742524124326,
        0.22924986109137535
    ],
    "validation_acc": [
        61.5,
        57.833333333333336,
        63.666666666666664,
        54.166666666666664,
        70.33333333333333,
        63.0,
        70.83333333333333,
        66.66666666666667,
        73.83333333333333,
        72.16666666666667,
        73.33333333333333,
        76.33333333333333,
        73.83333333333333,
        70.33333333333333,
        64.66666666666667,
        74.5,
        75.66666666666667,
        74.83333333333333,
        74.33333333333333,
        77.16666666666667,
        75.83333333333333,
        73.83333333333333,
        78.5,
        74.66666666666667,
        79.16666666666667,
        81.83333333333333,
        79.83333333333333,
        74.66666666666667,
        79.83333333333333,
        79.5,
        80.83333333333333,
        83.83333333333333,
        79.66666666666667,
        81.33333333333333,
        83.16666666666667,
        79.66666666666667,
        71.66666666666667,
        81.33333333333333,
        82.83333333333333,
        81.5,
        80.66666666666667,
        83.83333333333333,
        80.5,
        83.33333333333333,
        80.83333333333333,
        82.66666666666667,
        80.66666666666667,
        79.66666666666667,
        84.16666666666667,
        83.0
    ],
    "validation_loss": [
        0.6647569882242303,
        0.7286912594970903,
        0.6499243143357729,
        0.7409608019025702,
        0.6030732581489965,
        0.6373419463634491,
        0.5677823032203474,
        0.6354776573808569,
        0.5389451447286104,
        0.6025370273150896,
        0.5454775753774141,
        0.5144108769140745,
        0.533593519737846,
        0.6004273107177333,
        0.7718151184289079,
        0.5688992315217068,
        0.5336737538638868,
        0.533641735974111,
        0.5537775503961664,
        0.5535658072484168,
        0.6121067867467278,
        0.6570604847450006,
        0.48345739982630076,
        0.5912605257410752,
        0.46719175577163696,
        0.4769977676241021,
        0.4566935653749265,
        0.6403027670948129,
        0.4761683258571123,
        0.4842460500566583,
        0.4614993224018498,
        0.4214735548747213,
        0.5131784528493881,
        0.4588567520442762,
        0.49237389470401566,
        0.545737451236499,
        0.7654782696381995,
        0.4845456100608173,
        0.4389295421148601,
        0.44322493907652405,
        0.5551377715248811,
        0.42015572127543,
        0.5453961350415882,
        0.46558712187566254,
        0.4697909033612201,
        0.44791508662073237,
        0.4886862619927055,
        0.5220824242814591,
        0.40249913538757126,
        0.42718116233223363
    ]
}