{
    "train_acc": [
        55.55,
        60.15,
        63.5,
        66.0,
        67.75,
        70.3,
        72.2,
        72.7,
        73.5,
        74.75,
        75.35,
        76.2,
        75.8,
        77.55,
        77.6,
        79.7,
        79.7,
        78.7,
        80.25,
        80.0,
        80.0,
        80.5,
        81.95,
        80.8,
        83.35,
        81.9,
        84.5,
        83.3,
        83.75,
        84.3,
        84.25,
        83.55,
        84.7,
        86.25,
        86.35,
        85.95,
        86.25,
        86.3,
        88.05,
        87.9,
        88.3,
        88.3,
        87.65,
        88.7,
        87.55,
        89.2,
        89.3,
        89.5,
        90.3,
        89.6
    ],
    "train_loss": [
        0.7072282442970882,
        0.6540326977533008,
        0.632447679364492,
        0.608371542086677,
        0.5995431476169162,
        0.5789144493284679,
        0.566091451379988,
        0.5493197327568418,
        0.5273206423199366,
        0.5291331008313194,
        0.5152002308103774,
        0.5003054875230032,
        0.4940239768179636,
        0.4790638131754739,
        0.46978089213371277,
        0.45748062077022733,
        0.44386211912783363,
        0.4487403735281929,
        0.43897386060820687,
        0.43403478770975085,
        0.4399056590738751,
        0.4272416153597453,
        0.4036327460928569,
        0.4089229953667474,
        0.39328780415512266,
        0.3934210900749479,
        0.372415807275545,
        0.3777724414590805,
        0.35613725606411223,
        0.368303984876663,
        0.3590799125414046,
        0.3655653584098059,
        0.3597689228398459,
        0.32892248152740416,
        0.3233015099688182,
        0.3323957007082682,
        0.326055865675684,
        0.3212123007055313,
        0.3115076455805037,
        0.2939083469765527,
        0.28548767796111485,
        0.2776013650591411,
        0.2830444747020328,
        0.2751054870230811,
        0.277711657659402,
        0.2720535144446388,
        0.2613619116563646,
        0.2546191413014654,
        0.23754622006700152,
        0.25526768111047293
    ],
    "validation_acc": [
        54.0,
        63.666666666666664,
        62.666666666666664,
        66.0,
        62.0,
        66.66666666666667,
        62.333333333333336,
        67.5,
        66.83333333333333,
        70.5,
        71.16666666666667,
        66.16666666666667,
        74.66666666666667,
        71.5,
        72.83333333333333,
        74.5,
        77.66666666666667,
        69.83333333333333,
        74.66666666666667,
        73.5,
        76.0,
        76.0,
        70.33333333333333,
        76.16666666666667,
        79.5,
        71.33333333333333,
        75.0,
        76.5,
        81.66666666666667,
        77.33333333333333,
        77.83333333333333,
        68.16666666666667,
        78.5,
        79.5,
        78.5,
        75.0,
        80.0,
        80.5,
        79.16666666666667,
        82.33333333333333,
        77.66666666666667,
        82.66666666666667,
        84.0,
        79.0,
        84.16666666666667,
        83.0,
        82.33333333333333,
        83.33333333333333,
        83.33333333333333,
        81.83333333333333
    ],
    "validation_loss": [
        0.7141444934041876,
        0.6530324032432154,
        0.6655132221548181,
        0.6362508158934744,
        0.6937020891591122,
        0.6146875682630037,
        0.6900787753494162,
        0.6143565397513541,
        0.6140026128605792,
        0.563618435671455,
        0.5889094401347009,
        0.7435385949517551,
        0.5518777668476105,
        0.5932801350166923,
        0.5378319323062897,
        0.5339323595950478,
        0.5676025889421764,
        0.6061207252113443,
        0.5443841924792842,
        0.5502287870959232,
        0.5456005005460036,
        0.5573808237125999,
        0.8302686849707052,
        0.5404875474540811,
        0.4536289196265371,
        0.6455020179089747,
        0.6002746157740292,
        0.5486175857092205,
        0.46371449137988846,
        0.5270547713888319,
        0.49501452712636246,
        0.8075807294563243,
        0.5043802888769853,
        0.5285966161050295,
        0.483860593093069,
        0.6363937764575607,
        0.5113639384508133,
        0.46689096406886454,
        0.5563460286510619,
        0.4182870372345573,
        0.6660684562827411,
        0.4151502439850255,
        0.41998395715889175,
        0.4847990662643784,
        0.41520401757014425,
        0.37278653759705394,
        0.4347140687076669,
        0.43368697793860184,
        0.433655698048441,
        0.44334894340289266
    ]
}