{
    "train_acc": [
        57.3,
        62.2,
        66.9,
        66.0,
        70.3,
        70.8,
        71.95,
        72.75,
        74.7,
        75.1,
        75.15,
        74.9,
        75.7,
        78.95,
        78.05,
        78.75,
        79.2,
        79.25,
        79.7,
        80.25,
        78.9,
        80.85,
        80.35,
        81.8,
        82.3,
        82.05,
        83.85,
        84.4,
        83.9,
        83.5,
        84.25,
        83.8,
        84.35,
        84.2,
        85.85,
        86.55,
        86.0,
        85.7,
        86.95,
        87.85,
        87.25,
        87.5,
        87.3,
        88.6,
        89.2,
        88.75,
        88.85,
        89.9,
        88.85,
        90.05
    ],
    "train_loss": [
        0.6908841804852561,
        0.6498066026066976,
        0.6203342217301565,
        0.6059750129306127,
        0.5782694523296659,
        0.5738323950578296,
        0.5573827477674635,
        0.5477240899252513,
        0.5273756394310604,
        0.5197916929683988,
        0.5202509798700847,
        0.5174619276372213,
        0.4871856267490084,
        0.4713223874568939,
        0.4763433223678952,
        0.45910633934868705,
        0.460646554118111,
        0.4398985183428204,
        0.4400615387019657,
        0.4340409068834214,
        0.4418089801356906,
        0.41892232024480425,
        0.42928862453453126,
        0.3978322202724124,
        0.3967610084348255,
        0.38931968264163486,
        0.3655156892916513,
        0.36714201053929707,
        0.3584971392438525,
        0.3655494489367046,
        0.36395119154264055,
        0.35422623938038234,
        0.34909457796149784,
        0.3392148450726554,
        0.3294930604715196,
        0.3149693024063867,
        0.319880431606656,
        0.318452202374973,
        0.300430130509157,
        0.28193277297984987,
        0.2938258929385079,
        0.28017764337479123,
        0.30667260099971105,
        0.24976890723383616,
        0.2677059731786213,
        0.2615543032685916,
        0.2627559370464749,
        0.24862712952825758,
        0.24790672496670768,
        0.23332550554048448
    ],
    "validation_acc": [
        54.666666666666664,
        61.5,
        57.166666666666664,
        57.166666666666664,
        62.333333333333336,
        62.333333333333336,
        69.0,
        67.16666666666667,
        70.16666666666667,
        69.66666666666667,
        71.83333333333333,
        72.0,
        74.16666666666667,
        74.66666666666667,
        75.0,
        75.0,
        71.5,
        74.16666666666667,
        76.66666666666667,
        76.0,
        73.33333333333333,
        76.83333333333333,
        76.5,
        77.0,
        77.66666666666667,
        80.16666666666667,
        77.16666666666667,
        77.83333333333333,
        77.83333333333333,
        82.0,
        76.0,
        81.5,
        78.83333333333333,
        75.0,
        79.16666666666667,
        80.16666666666667,
        77.0,
        76.33333333333333,
        83.5,
        78.33333333333333,
        80.83333333333333,
        81.66666666666667,
        80.83333333333333,
        78.66666666666667,
        81.5,
        83.33333333333333,
        81.5,
        80.5,
        81.16666666666667,
        84.5
    ],
    "validation_loss": [
        0.7081419104023984,
        0.6670027845784238,
        0.7859051509907371,
        0.7622651795023366,
        0.7266795948932046,
        0.6882557727788624,
        0.613684776582216,
        0.6945172140472814,
        0.631999566366798,
        0.5967198547564054,
        0.6184426906861757,
        0.5466878555322948,
        0.5249443163997248,
        0.5564293014375787,
        0.530101688284623,
        0.5128324910214073,
        0.5884460689205873,
        0.5360154156622133,
        0.5415912207804228,
        0.496782732637305,
        0.517150049146853,
        0.5325510250894647,
        0.5654561135329699,
        0.4976675918227748,
        0.4952812155610637,
        0.4877807043100658,
        0.5111231011779684,
        0.47165644090426595,
        0.5345931978602159,
        0.45140260301138224,
        0.5851802547511301,
        0.43234381393382426,
        0.5419493188199244,
        0.7297060858262213,
        0.5409492246414486,
        0.48291555360743876,
        0.5886950724219021,
        0.6055655475509795,
        0.42875019735411596,
        0.5555150018710839,
        0.5005413293838501,
        0.4972154113807176,
        0.5074961373680517,
        0.5451548705367666,
        0.5401368707810578,
        0.40263314623581736,
        0.4553513048510802,
        0.5201212532426182,
        0.5512697728056657,
        0.40676862393554886
    ]
}