{
    "train_acc": [
        56.35,
        60.7,
        63.55,
        66.1,
        68.85,
        68.5,
        70.7,
        72.25,
        70.75,
        74.2,
        75.6,
        76.55,
        77.2,
        76.85,
        78.1,
        80.1,
        77.4,
        78.9,
        80.4,
        80.0,
        82.05,
        80.65,
        80.7,
        81.85,
        83.15,
        82.95,
        82.85,
        82.6,
        84.5,
        85.45,
        85.95,
        84.55,
        85.4,
        84.4,
        86.4,
        86.1,
        86.75,
        87.1,
        87.75,
        87.85,
        86.95,
        88.55,
        88.75,
        89.15,
        90.2,
        88.75,
        89.45,
        90.95,
        89.65,
        90.25
    ],
    "train_loss": [
        0.70657094414272,
        0.652735710144043,
        0.6303522525325654,
        0.6161576854804206,
        0.5872806258617885,
        0.5864524812925429,
        0.5666810591069479,
        0.5509122690511128,
        0.568025816527624,
        0.5187268451092735,
        0.5102192759513855,
        0.4920385101484874,
        0.489588787631383,
        0.4912970243465333,
        0.4725681926522936,
        0.44860877593358356,
        0.46724423955357264,
        0.438666648334927,
        0.4415896104441749,
        0.4373865319149835,
        0.41539662627000656,
        0.4259903156568134,
        0.4159052400361924,
        0.3875261154912767,
        0.3848041383520005,
        0.3792721456478512,
        0.3773450378387693,
        0.3729776855972078,
        0.34682238740580423,
        0.34071014868834665,
        0.3449771319116865,
        0.35097319005973754,
        0.32481989217182944,
        0.3485579291979472,
        0.31402444271814256,
        0.31730718887041487,
        0.2983651796267146,
        0.30615508816544973,
        0.3079125358471795,
        0.293969210769449,
        0.29142192207158557,
        0.27362142834398484,
        0.2693742559779258,
        0.25824918562457677,
        0.24647415890580132,
        0.2557455024548939,
        0.2471570624482064,
        0.22134986661729358,
        0.23713261054621804,
        0.22694846680240024
    ],
    "validation_acc": [
        57.333333333333336,
        59.666666666666664,
        62.333333333333336,
        59.5,
        68.66666666666667,
        56.333333333333336,
        67.66666666666667,
        69.0,
        68.16666666666667,
        69.33333333333333,
        73.33333333333333,
        68.16666666666667,
        73.5,
        75.66666666666667,
        72.66666666666667,
        69.83333333333333,
        74.83333333333333,
        77.16666666666667,
        76.66666666666667,
        74.0,
        64.66666666666667,
        74.33333333333333,
        80.16666666666667,
        78.5,
        77.83333333333333,
        79.5,
        80.16666666666667,
        80.16666666666667,
        80.66666666666667,
        79.33333333333333,
        83.0,
        78.66666666666667,
        79.0,
        80.83333333333333,
        79.83333333333333,
        78.83333333333333,
        80.16666666666667,
        80.5,
        74.0,
        81.33333333333333,
        82.83333333333333,
        83.0,
        83.83333333333333,
        83.33333333333333,
        82.66666666666667,
        82.33333333333333,
        83.0,
        82.5,
        83.33333333333333,
        78.66666666666667
    ],
    "validation_loss": [
        0.6952644680675707,
        0.6792161464691162,
        0.7233298860098186,
        0.846975858274259,
        0.6150559186935425,
        0.815662084441436,
        0.6103368966202987,
        0.6293241020880247,
        0.644103533343265,
        0.6696169909678007,
        0.5649989184580351,
        0.6531082454480623,
        0.5594107587086526,
        0.5392899403446599,
        0.615079947992375,
        0.6351774123154188,
        0.5655388722294256,
        0.523007648555856,
        0.5153845015325045,
        0.582253032609036,
        0.7333534085436871,
        0.5802688755487141,
        0.4577650741526955,
        0.4804382355589616,
        0.48675173050478887,
        0.49673348665237427,
        0.46499267455778626,
        0.47467071680646195,
        0.4766384802366558,
        0.5311888424973739,
        0.4812843281971781,
        0.46759759124956635,
        0.5279966247709174,
        0.44583987091716965,
        0.4967099239951686,
        0.48847216289294393,
        0.48223214322014857,
        0.5024243616744092,
        0.7397850487185152,
        0.5280236413604334,
        0.4577144682407379,
        0.4315062839733927,
        0.43300233428415497,
        0.4516833573579788,
        0.4359909005855259,
        0.47421528438204213,
        0.44837873781982224,
        0.44719867094566945,
        0.46229702940112666,
        0.6517740813525099
    ]
}