{
    "train_acc": [
        57.1,
        61.8,
        63.15,
        66.8,
        67.75,
        67.95,
        69.9,
        71.95,
        73.0,
        74.5,
        75.6,
        75.25,
        77.55,
        75.85,
        77.65,
        76.85,
        78.8,
        78.95,
        77.8,
        79.3,
        80.65,
        80.9,
        81.15,
        81.3,
        82.9,
        82.65,
        82.6,
        82.85,
        82.35,
        82.15,
        83.4,
        84.85,
        84.1,
        85.9,
        84.25,
        85.95,
        85.5,
        86.95,
        85.9,
        85.95,
        88.4,
        87.15,
        88.75,
        88.4,
        87.85,
        87.85,
        88.9,
        88.45,
        87.85,
        88.05
    ],
    "train_loss": [
        0.705071629039825,
        0.6523920694986979,
        0.6386516321273077,
        0.6143116738115039,
        0.592733924824094,
        0.590006351944,
        0.5654106017143007,
        0.5682574747100709,
        0.5355979100106254,
        0.5201652366963644,
        0.5138468818059043,
        0.5152938493660518,
        0.4871668607469589,
        0.5011741164184752,
        0.47437804511615206,
        0.47470241666786256,
        0.4687642440909431,
        0.456748572606889,
        0.47206859030420817,
        0.4507473823097017,
        0.426809442658273,
        0.41166395634885816,
        0.4206521340778896,
        0.4092179922357438,
        0.39325199879351114,
        0.3926174985984015,
        0.39588172473604716,
        0.3810450742169032,
        0.39680400940160904,
        0.38875802807391635,
        0.3776236117359192,
        0.35151855647563934,
        0.3657521912975917,
        0.3364853821103535,
        0.34844706148382215,
        0.33211465629320297,
        0.34563456452082075,
        0.3203032182322608,
        0.324296011811211,
        0.331429633356276,
        0.28491406024448457,
        0.3107006921181603,
        0.27621418769870487,
        0.2758711815353424,
        0.27558678045632345,
        0.28334549968204803,
        0.2705088522699144,
        0.27554328526769367,
        0.2872758919284457,
        0.2799275903001664
    ],
    "validation_acc": [
        57.666666666666664,
        57.833333333333336,
        58.0,
        58.833333333333336,
        61.333333333333336,
        62.5,
        69.5,
        66.83333333333333,
        69.5,
        65.33333333333333,
        71.66666666666667,
        66.83333333333333,
        72.66666666666667,
        72.83333333333333,
        72.33333333333333,
        71.83333333333333,
        76.5,
        65.83333333333333,
        73.66666666666667,
        72.66666666666667,
        64.66666666666667,
        75.5,
        76.83333333333333,
        69.83333333333333,
        78.5,
        78.0,
        80.66666666666667,
        80.16666666666667,
        79.66666666666667,
        80.0,
        79.5,
        80.16666666666667,
        82.0,
        81.16666666666667,
        82.66666666666667,
        83.0,
        81.16666666666667,
        82.16666666666667,
        83.66666666666667,
        81.33333333333333,
        81.5,
        80.0,
        83.33333333333333,
        84.0,
        84.83333333333333,
        82.0,
        85.16666666666667,
        84.16666666666667,
        82.5,
        85.16666666666667
    ],
    "validation_loss": [
        0.6885966909559149,
        0.8174175259314085,
        0.7105122239966142,
        0.7537016852905876,
        0.7940889377343027,
        0.6384544435300326,
        0.57895060589439,
        0.6221381927791395,
        0.6084793947244945,
        0.6870439609414652,
        0.5574996816484552,
        0.6546074410802439,
        0.5923325858618084,
        0.5551216367043947,
        0.5708693265914917,
        0.6202490894418013,
        0.5140309804364255,
        0.7813152396365216,
        0.5767888991456283,
        0.6656200795581466,
        0.8736107984655782,
        0.558432958628002,
        0.5219654519306985,
        0.7540294943671477,
        0.5053841095221671,
        0.5585902768530344,
        0.42600485996196147,
        0.47175510619816025,
        0.46932037409983185,
        0.462462947556847,
        0.49726265904150513,
        0.4787679761648178,
        0.41564263168134186,
        0.4544004844991784,
        0.42186505072995234,
        0.4317788913061744,
        0.44656330896051305,
        0.43977756406131546,
        0.40897536669906814,
        0.43112625887519435,
        0.4833173269503995,
        0.4897061868717796,
        0.4542649741235532,
        0.4302433446833962,
        0.40815638868432297,
        0.44172381570464686,
        0.3802098357363751,
        0.40631801125250366,
        0.46111203298756953,
        0.41498056210969625
    ]
}