{
    "train_acc": [
        57.15,
        60.85,
        63.7,
        68.7,
        69.45,
        71.65,
        72.0,
        71.2,
        72.9,
        74.9,
        74.75,
        76.8,
        75.65,
        76.45,
        78.3,
        77.65,
        79.25,
        79.7,
        79.25,
        78.15,
        81.1,
        80.85,
        81.45,
        81.9,
        83.55,
        83.25,
        82.75,
        82.2,
        83.5,
        84.75,
        85.1,
        85.05,
        85.35,
        85.4,
        86.1,
        86.0,
        87.55,
        87.95,
        87.65,
        86.6,
        88.7,
        88.0,
        89.0,
        87.65,
        88.95,
        89.55,
        90.1,
        90.7,
        91.0,
        90.3
    ],
    "train_loss": [
        0.7157564352429102,
        0.6482260936782474,
        0.6282031233348544,
        0.6015348647321973,
        0.5816613530355786,
        0.5650118173114838,
        0.5578243689877647,
        0.5540438620817094,
        0.5360777278741201,
        0.5251015211854663,
        0.517503389290401,
        0.4893701942194076,
        0.5078989693096706,
        0.48503284038059297,
        0.47575312403459397,
        0.47370872800312347,
        0.4431476200383807,
        0.43781326924051556,
        0.4590755322622874,
        0.46604289421959527,
        0.4399320168627633,
        0.41940492911944316,
        0.4131506407071674,
        0.408802430071528,
        0.38956237572526176,
        0.38436624289505067,
        0.39130984838046723,
        0.39567144451633335,
        0.3671322077039688,
        0.3470234688785341,
        0.3442740123423319,
        0.34602447658304186,
        0.33448695072105955,
        0.3392440998365009,
        0.3262178157530134,
        0.32480400516873315,
        0.30100850760936737,
        0.2889556913148789,
        0.2941035791521981,
        0.3008685696219641,
        0.28170752135061083,
        0.2928997092540302,
        0.27026634107506464,
        0.2842442642838236,
        0.2620340805678141,
        0.24967410515934702,
        0.235195269542081,
        0.23054841279037416,
        0.22689871892096505,
        0.23552915489389784
    ],
    "validation_acc": [
        59.333333333333336,
        61.166666666666664,
        64.16666666666667,
        65.0,
        66.83333333333333,
        67.16666666666667,
        64.66666666666667,
        70.66666666666667,
        69.66666666666667,
        71.83333333333333,
        66.66666666666667,
        73.5,
        70.0,
        73.33333333333333,
        75.33333333333333,
        66.0,
        77.0,
        72.33333333333333,
        77.83333333333333,
        73.66666666666667,
        79.0,
        59.0,
        78.5,
        80.0,
        76.66666666666667,
        75.83333333333333,
        79.0,
        79.33333333333333,
        80.0,
        83.66666666666667,
        81.16666666666667,
        75.33333333333333,
        79.0,
        80.5,
        81.83333333333333,
        82.5,
        79.66666666666667,
        79.66666666666667,
        75.16666666666667,
        81.16666666666667,
        83.33333333333333,
        80.0,
        82.66666666666667,
        81.83333333333333,
        84.0,
        79.5,
        82.16666666666667,
        84.83333333333333,
        85.33333333333333,
        83.66666666666667
    ],
    "validation_loss": [
        0.6667364412232449,
        0.6482517813381395,
        0.639394622100027,
        0.6407801383420041,
        0.6069974130705783,
        0.6033229074980083,
        0.6056069527801714,
        0.5630230135039279,
        0.5635082737395638,
        0.5732377877360896,
        0.6675556192272588,
        0.5508008222830924,
        0.5906442286152589,
        0.5576619105903726,
        0.5318902166266191,
        0.662072731476081,
        0.5223937724765978,
        0.5545424811149898,
        0.5146178752183914,
        0.547386610978528,
        0.5098805898114255,
        1.1737119118241888,
        0.5110051067251908,
        0.5149787676177526,
        0.5242385456436559,
        0.6107698765240217,
        0.5415686996359574,
        0.48183012636084305,
        0.4659774577931354,
        0.41322045890908493,
        0.4630896441246334,
        0.6205270447229084,
        0.5382264397646251,
        0.4620816903678994,
        0.4590622029806438,
        0.42280838991466324,
        0.49960183862008545,
        0.4838710580217211,
        0.6214544290774747,
        0.47816667823415054,
        0.451098695397377,
        0.5380417453615289,
        0.44139387497776433,
        0.4647278464154193,
        0.4464316242619565,
        0.5547022072500304,
        0.47759262982167694,
        0.46901107069693115,
        0.44123042296422155,
        0.4175630470639781
    ]
}