{
    "train_acc": [
        56.6,
        60.9,
        65.15,
        66.15,
        70.65,
        69.2,
        71.0,
        72.1,
        74.55,
        74.35,
        75.15,
        75.0,
        75.0,
        76.2,
        77.85,
        78.65,
        79.1,
        79.35,
        80.25,
        80.25,
        80.0,
        81.4,
        81.75,
        82.65,
        82.85,
        82.9,
        82.2,
        84.3,
        84.8,
        84.2,
        84.9,
        85.8,
        85.0,
        86.0,
        86.15,
        87.1,
        86.95,
        88.45,
        88.1,
        87.35,
        88.05,
        88.8,
        88.75,
        88.55,
        88.35,
        89.7,
        89.2,
        88.05,
        89.85,
        90.3
    ],
    "train_loss": [
        0.7035574704881699,
        0.6440013117260404,
        0.6265381759121305,
        0.6089693147038656,
        0.5843620323945605,
        0.5824493420502496,
        0.5613540288001772,
        0.5625185053499918,
        0.5300093827739595,
        0.5339387451845502,
        0.5017358391057878,
        0.518804402105392,
        0.5157813855579921,
        0.49375642954357085,
        0.46799587257324704,
        0.4619709106664809,
        0.46156857458371964,
        0.4581652044776886,
        0.42475269734859467,
        0.4343523610205877,
        0.4290669085014434,
        0.4194755996503527,
        0.40378907417494153,
        0.4049881947419,
        0.3889832506104121,
        0.3812386270553347,
        0.3855091099228178,
        0.36840452159207965,
        0.3543804172012541,
        0.3634677061012813,
        0.3562946544280128,
        0.33785868755408693,
        0.3386966467849792,
        0.32774643126934294,
        0.32610445339528343,
        0.3019383300154928,
        0.30995174911287093,
        0.289786537724828,
        0.29727594767298016,
        0.2915801093691871,
        0.2826556549185798,
        0.2778693102891483,
        0.2864032171311833,
        0.2721851686873133,
        0.27064863012896645,
        0.26233325543857755,
        0.25507547942891956,
        0.27177659008238053,
        0.24479491488328056,
        0.24629873900659502
    ],
    "validation_acc": [
        55.5,
        62.166666666666664,
        58.0,
        65.33333333333333,
        67.83333333333333,
        54.333333333333336,
        63.666666666666664,
        71.0,
        70.66666666666667,
        72.16666666666667,
        68.83333333333333,
        72.33333333333333,
        69.33333333333333,
        72.33333333333333,
        75.0,
        71.33333333333333,
        74.16666666666667,
        78.66666666666667,
        77.33333333333333,
        77.66666666666667,
        73.66666666666667,
        75.66666666666667,
        74.16666666666667,
        79.33333333333333,
        79.83333333333333,
        82.0,
        79.66666666666667,
        82.0,
        79.0,
        80.66666666666667,
        82.5,
        80.16666666666667,
        79.33333333333333,
        82.33333333333333,
        80.5,
        76.33333333333333,
        80.66666666666667,
        83.83333333333333,
        83.0,
        80.16666666666667,
        84.83333333333333,
        85.0,
        82.16666666666667,
        85.66666666666667,
        79.0,
        83.83333333333333,
        84.66666666666667,
        83.5,
        84.5,
        85.33333333333333
    ],
    "validation_loss": [
        0.6892781179202231,
        0.6567477395659999,
        0.6999117339912214,
        0.6431872138851568,
        0.6212722125806307,
        0.9037646192469095,
        0.6446348703221271,
        0.565305371033518,
        0.5745723184786344,
        0.5705865958803579,
        0.58032825118617,
        0.5853229902292553,
        0.6781712590079558,
        0.5735719517657631,
        0.5328950787845411,
        0.5489980452939084,
        0.5308034388642562,
        0.4930123922071959,
        0.5047775036410281,
        0.5132431897677874,
        0.5729019861472281,
        0.4963939048741993,
        0.600281694217732,
        0.47867683674159806,
        0.470291049072617,
        0.44224768406466436,
        0.43431616770593745,
        0.41434629261493683,
        0.48109580497992666,
        0.4372339107488331,
        0.4217760327615236,
        0.45860239784968526,
        0.5204224402182981,
        0.4665499357016463,
        0.4666630029678345,
        0.6160557246521899,
        0.47384814074949216,
        0.40377207649381536,
        0.46546366653944315,
        0.5436004168893162,
        0.3754921328080328,
        0.4063615587196852,
        0.44993589740050466,
        0.39931728808503403,
        0.49550665444449377,
        0.4568417958523098,
        0.4046737822262864,
        0.40847072789543554,
        0.42188283212875066,
        0.40951068856214223
    ]
}