{
    "train_acc": [
        55.7,
        60.4,
        63.3,
        65.85,
        64.3,
        67.55,
        69.15,
        70.1,
        71.2,
        71.9,
        73.75,
        75.0,
        74.5,
        75.6,
        76.15,
        76.8,
        77.2,
        77.8,
        78.35,
        78.3,
        78.8,
        79.95,
        80.3,
        79.95,
        80.45,
        81.0,
        81.95,
        81.6,
        83.05,
        83.0,
        83.65,
        83.85,
        83.3,
        83.25,
        84.25,
        84.9,
        85.0,
        85.4,
        85.4,
        85.75,
        88.15,
        86.45,
        86.75,
        87.75,
        87.25,
        87.8,
        87.9,
        87.9,
        88.6,
        88.5
    ],
    "train_loss": [
        0.6989444437481108,
        0.653452666032882,
        0.6380396712393988,
        0.6158875969667283,
        0.6253512137466006,
        0.5978143106377314,
        0.5956945679490528,
        0.5719376192206428,
        0.5613592513023861,
        0.5531935857401954,
        0.5327157832327343,
        0.5190618927516635,
        0.5161403635191539,
        0.5032793548372057,
        0.4975803593794505,
        0.48776113986968994,
        0.48661623682294575,
        0.4726989619315617,
        0.4479704489783635,
        0.4612688095796676,
        0.4576852118212079,
        0.43804482595315053,
        0.4322257616690227,
        0.44358530758865294,
        0.4334355476829741,
        0.41730408772589667,
        0.40066593554284835,
        0.3963288347872477,
        0.39126331229058525,
        0.3738241687653557,
        0.38373590012391406,
        0.35601825184292263,
        0.37215437420776915,
        0.36822946511563803,
        0.35396348625894575,
        0.3449341952800751,
        0.33808070492176784,
        0.3444294073278942,
        0.34213240988670834,
        0.32797159018024563,
        0.2863360439974164,
        0.3186013268099891,
        0.29965170981392025,
        0.29485625832799883,
        0.2983014342330751,
        0.2885872696836789,
        0.28407597080582664,
        0.2763896291218107,
        0.28405847601474277,
        0.2732569704216624
    ],
    "validation_acc": [
        58.5,
        61.666666666666664,
        59.666666666666664,
        59.166666666666664,
        63.833333333333336,
        62.666666666666664,
        63.666666666666664,
        64.0,
        67.33333333333333,
        67.5,
        66.33333333333333,
        68.83333333333333,
        70.0,
        75.5,
        75.0,
        67.66666666666667,
        71.16666666666667,
        70.5,
        70.5,
        70.16666666666667,
        77.66666666666667,
        77.33333333333333,
        75.0,
        77.33333333333333,
        73.33333333333333,
        78.16666666666667,
        79.66666666666667,
        78.0,
        80.5,
        78.66666666666667,
        76.66666666666667,
        79.83333333333333,
        78.16666666666667,
        79.5,
        78.83333333333333,
        74.16666666666667,
        75.33333333333333,
        79.5,
        80.33333333333333,
        79.33333333333333,
        80.0,
        75.83333333333333,
        83.66666666666667,
        81.0,
        83.33333333333333,
        82.5,
        80.83333333333333,
        82.0,
        79.33333333333333,
        82.16666666666667
    ],
    "validation_loss": [
        0.6713755915039464,
        0.6611613913586265,
        0.6907399061479067,
        0.6780389453235426,
        0.6492797042194166,
        0.6773610177793001,
        0.6695085763931274,
        0.6731092059298566,
        0.6191611995822505,
        0.6162807392446619,
        0.6585835806633297,
        0.6534496741859537,
        0.6293867826461792,
        0.5540377042795482,
        0.5149510424388083,
        0.6386071325916993,
        0.6318137739834032,
        0.668260743743495,
        0.6026027822180798,
        0.6938290148973465,
        0.5088865176627511,
        0.4970446621116839,
        0.5510277904962239,
        0.5257607776867715,
        0.5881207593177494,
        0.4799041653934278,
        0.45052069425582886,
        0.5012957641952916,
        0.4923176937981656,
        0.5152780939089624,
        0.5185950649412054,
        0.502627852715944,
        0.5205410256197578,
        0.4488651023099297,
        0.48588559502049494,
        0.5313012121539367,
        0.565510934905002,
        0.4783304208203366,
        0.45988759320033223,
        0.5222878628655484,
        0.5202847527045953,
        0.5719037538296298,
        0.40501176761953456,
        0.5454836707366141,
        0.4537816251579084,
        0.4490530859482916,
        0.49921868506230804,
        0.4433186556163587,
        0.5907684717523424,
        0.4693267604238109
    ]
}