{
    "train_acc": [
        54.85,
        59.7,
        62.25,
        65.6,
        68.9,
        67.9,
        70.55,
        70.55,
        71.45,
        73.35,
        74.95,
        74.65,
        74.65,
        75.65,
        77.1,
        77.4,
        80.15,
        79.6,
        79.7,
        79.3,
        80.05,
        80.55,
        81.75,
        82.35,
        81.2,
        83.05,
        83.55,
        83.4,
        84.7,
        83.75,
        84.1,
        84.5,
        82.9,
        85.15,
        85.95,
        85.2,
        86.15,
        85.85,
        85.4,
        86.55,
        85.3,
        87.35,
        86.55,
        86.55,
        87.6,
        87.95,
        88.45,
        88.8,
        88.05,
        89.2
    ],
    "train_loss": [
        0.7061253246806917,
        0.6542641189363267,
        0.6411803970261226,
        0.6168520966219524,
        0.605902838328528,
        0.6051209550055247,
        0.5856056416791583,
        0.5770254986626762,
        0.5439606588038187,
        0.5461284447283972,
        0.5199393209010835,
        0.5026222722870963,
        0.5103750068043905,
        0.49943780047552927,
        0.48365660130031524,
        0.47445066628001986,
        0.448917556849737,
        0.4405000626094758,
        0.4365942570425215,
        0.43955346279674107,
        0.4284097599604773,
        0.4140265990817358,
        0.40090017209923456,
        0.3935938226798224,
        0.4090591042287766,
        0.3849607211729837,
        0.3713729374465488,
        0.38136193132589735,
        0.37396729678388624,
        0.3703972228935787,
        0.36984565972335753,
        0.3480202654997508,
        0.38008491103611297,
        0.3432357126758212,
        0.3299204603074089,
        0.3448550280124422,
        0.346218074834536,
        0.3186329035531907,
        0.32921669561238515,
        0.3166769054673967,
        0.3224216574241245,
        0.2995914880718504,
        0.30539584538293263,
        0.30079044756435214,
        0.29133045957202003,
        0.29516983221447657,
        0.27129033775556655,
        0.27054278138611054,
        0.28033337541042813,
        0.2568044974690392
    ],
    "validation_acc": [
        56.833333333333336,
        58.5,
        60.666666666666664,
        64.83333333333333,
        59.5,
        63.166666666666664,
        64.5,
        63.5,
        65.66666666666667,
        71.83333333333333,
        70.16666666666667,
        73.83333333333333,
        71.0,
        71.16666666666667,
        70.5,
        72.0,
        77.66666666666667,
        72.83333333333333,
        72.16666666666667,
        77.16666666666667,
        74.5,
        77.5,
        78.33333333333333,
        78.83333333333333,
        78.33333333333333,
        80.0,
        77.16666666666667,
        79.5,
        80.83333333333333,
        77.16666666666667,
        80.83333333333333,
        82.66666666666667,
        82.5,
        79.33333333333333,
        79.66666666666667,
        77.33333333333333,
        79.16666666666667,
        75.5,
        83.5,
        82.66666666666667,
        81.5,
        82.16666666666667,
        81.66666666666667,
        83.16666666666667,
        83.5,
        83.5,
        81.33333333333333,
        81.33333333333333,
        83.0,
        83.5
    ],
    "validation_loss": [
        0.6709683631595812,
        0.6804568924401936,
        0.6619786620140076,
        0.6452473903957167,
        0.6786883222429376,
        0.6440064358083826,
        0.7251596701772589,
        0.675535870225806,
        0.6197553637780642,
        0.5775669907268725,
        0.6073591944418455,
        0.55218516368615,
        0.6025245895511225,
        0.5327913369003096,
        0.5825034097621316,
        0.5758738643244693,
        0.5078739398404172,
        0.5320912803474226,
        0.6178094932907506,
        0.5186308763529125,
        0.6225451223160091,
        0.4816576760066183,
        0.4554627129906102,
        0.5498106503172925,
        0.4768707595373455,
        0.4792532842410238,
        0.5449577766029459,
        0.5112820800982023,
        0.4727152617354142,
        0.5492115059965536,
        0.5022296576123488,
        0.46310994029045105,
        0.4681419871355358,
        0.5173907946599158,
        0.5238062276651985,
        0.5431567030517679,
        0.5156344547867775,
        0.644721267254729,
        0.4268545947576824,
        0.4237115006697805,
        0.48208348060909073,
        0.45384083531404795,
        0.4608093649148941,
        0.45618127286434174,
        0.4539991577989177,
        0.4693036918577395,
        0.4610885765991713,
        0.4713931828737259,
        0.4239067937198438,
        0.44753869426877874
    ]
}