{
    "train_acc": [
        52.75,
        57.25,
        61.55,
        60.1,
        62.25,
        64.7,
        62.75,
        62.3,
        64.9,
        65.25,
        66.5,
        66.5,
        65.0,
        68.1,
        68.2,
        66.3,
        66.2,
        67.85,
        67.9,
        69.9,
        69.3,
        70.15,
        70.5,
        70.65,
        70.1,
        70.9,
        69.65,
        71.05,
        71.25,
        72.85,
        71.6,
        72.3,
        70.9,
        73.6,
        73.05,
        72.75,
        73.85,
        71.55,
        74.35,
        73.75,
        74.0,
        72.45,
        73.85,
        75.45,
        74.05,
        75.0,
        76.45,
        74.95,
        74.5,
        75.9,
        75.65,
        76.0,
        76.35,
        74.9,
        77.0,
        77.75,
        76.75,
        76.95,
        78.0,
        77.15,
        76.7,
        77.15,
        78.95,
        78.7,
        77.45,
        79.85,
        78.65,
        79.65,
        79.25,
        79.55,
        79.2,
        79.1,
        79.45,
        80.15,
        78.9,
        79.1,
        78.8,
        80.65,
        80.0,
        79.8,
        80.4,
        80.05,
        79.3,
        80.35,
        82.4,
        79.35,
        80.85,
        81.95,
        82.3,
        82.15,
        81.3,
        82.0,
        82.25,
        82.55,
        81.5,
        81.05,
        83.1,
        81.95,
        81.5,
        81.7
    ],
    "train_loss": [
        0.6948111984464858,
        0.6835910384617154,
        0.6638950951515682,
        0.6600812550575014,
        0.6458007362153795,
        0.6333336290859041,
        0.6379866770335606,
        0.64580932496086,
        0.6290599661214011,
        0.6186939572531079,
        0.623214600578187,
        0.603277594797195,
        0.6209559894743419,
        0.594684983056689,
        0.6003847850693597,
        0.5986969603432549,
        0.6062136051200685,
        0.5959508310234736,
        0.5932230812216562,
        0.5764934363819304,
        0.5703660888331277,
        0.5699028443722498,
        0.5685675702397786,
        0.5531790001051766,
        0.5619821335588183,
        0.5631626092252278,
        0.5645822750197517,
        0.5590911952276079,
        0.5517918439138503,
        0.5464715300098298,
        0.5540342222130488,
        0.5447456879275185,
        0.5540974679447356,
        0.5331812302271525,
        0.5331925981574588,
        0.5355047025377788,
        0.5311952129242912,
        0.5493491325113509,
        0.5286053196778373,
        0.5252141711257753,
        0.5254103460955242,
        0.5326363491633582,
        0.5221622737627181,
        0.5070201882294246,
        0.51173240230197,
        0.5095536585838075,
        0.5059235001367236,
        0.5072266360123953,
        0.5161114472245413,
        0.4958060672358861,
        0.5001744240049332,
        0.506691944504541,
        0.48748447166548836,
        0.4928979987189883,
        0.4791932971704574,
        0.4701145234562102,
        0.4808953745024545,
        0.4778670621296716,
        0.4731699668225788,
        0.4819414492637392,
        0.4667429290120564,
        0.47276154065889026,
        0.45985398689905804,
        0.4556212311699277,
        0.4686173749348474,
        0.4421560740660107,
        0.44598706610619077,
        0.4439336745038865,
        0.45281035488560084,
        0.4380119989315669,
        0.4329218736716679,
        0.4425648668455699,
        0.4282670108571885,
        0.4267452397043743,
        0.4328498038507643,
        0.43443267047405243,
        0.44034077913042097,
        0.42920617546354023,
        0.4249898921402674,
        0.43728090751738774,
        0.42761500652820345,
        0.41875761487181223,
        0.4263263590752132,
        0.4207692758904563,
        0.40284450801592026,
        0.43458508806569235,
        0.4056301566343459,
        0.39011638717991964,
        0.3923015026819138,
        0.3869729536393332,
        0.40112661392915816,
        0.40382834512089927,
        0.38914244279028876,
        0.3958597287299141,
        0.40276261951242176,
        0.4078004667683253,
        0.3919002934107705,
        0.38810946189221884,
        0.3930439610802938,
        0.3971710784567727
    ],
    "validation_acc": [
        50.5,
        59.5,
        63.166666666666664,
        55.333333333333336,
        56.833333333333336,
        58.5,
        60.833333333333336,
        62.666666666666664,
        63.166666666666664,
        59.833333333333336,
        60.0,
        64.83333333333333,
        62.833333333333336,
        60.333333333333336,
        62.166666666666664,
        62.666666666666664,
        65.66666666666667,
        65.66666666666667,
        61.0,
        66.83333333333333,
        63.333333333333336,
        64.66666666666667,
        66.16666666666667,
        66.33333333333333,
        67.83333333333333,
        71.33333333333333,
        66.5,
        69.33333333333333,
        67.16666666666667,
        67.83333333333333,
        63.833333333333336,
        65.16666666666667,
        68.5,
        65.33333333333333,
        67.5,
        69.5,
        71.0,
        66.83333333333333,
        68.33333333333333,
        69.16666666666667,
        70.0,
        68.83333333333333,
        70.66666666666667,
        71.66666666666667,
        72.0,
        70.5,
        69.5,
        66.5,
        68.83333333333333,
        66.66666666666667,
        67.33333333333333,
        71.5,
        70.0,
        71.66666666666667,
        70.33333333333333,
        70.33333333333333,
        70.33333333333333,
        67.0,
        70.83333333333333,
        69.5,
        71.16666666666667,
        69.66666666666667,
        69.5,
        70.0,
        71.5,
        67.33333333333333,
        71.0,
        69.83333333333333,
        70.5,
        68.33333333333333,
        70.33333333333333,
        71.16666666666667,
        71.16666666666667,
        71.66666666666667,
        70.66666666666667,
        70.66666666666667,
        70.16666666666667,
        71.0,
        72.33333333333333,
        71.33333333333333,
        67.83333333333333,
        70.83333333333333,
        71.0,
        69.66666666666667,
        71.0,
        70.5,
        69.5,
        70.16666666666667,
        71.5,
        69.66666666666667,
        67.33333333333333,
        70.5,
        70.66666666666667,
        70.66666666666667,
        68.16666666666667,
        69.33333333333333,
        73.0,
        70.5,
        70.0,
        68.16666666666667
    ],