{
    "train_acc": [
        50.95,
        61.65,
        63.45,
        65.95,
        68.05,
        69.6,
        70.15,
        71.3,
        72.65,
        72.85,
        72.65,
        73.2,
        74.5,
        73.7,
        74.75,
        75.2,
        75.8,
        78.05,
        76.3,
        77.7
    ],
    "train_loss": [
        0.6940934071465145,
        0.654397051485758,
        0.6344183304953197,
        0.6064686164969489,
        0.5866093380110604,
        0.5782613711697715,
        0.5740865861612653,
        0.5545511184230684,
        0.5446132648558843,
        0.542613599035475,
        0.5347410606013404,
        0.5297830242013174,
        0.5144025555678776,
        0.5269460432113163,
        0.5129725313375867,
        0.5062490309041644,
        0.5025590885253179,
        0.4804089263318077,
        0.48816852768262226,
        0.47155520130717565
    ],
    "validation_acc": [
        51.0,
        59.833333333333336,
        55.5,
        64.66666666666667,
        64.83333333333333,
        67.33333333333333,
        67.33333333333333,
        69.0,
        68.66666666666667,
        65.16666666666667,
        68.83333333333333,
        66.0,
        66.83333333333333,
        70.33333333333333,
        69.33333333333333,
        68.16666666666667,
        69.33333333333333,
        68.33333333333333,
        71.33333333333333,
        68.83333333333333
    ],
    "validation_loss": [
        0.6934574324833719,
        0.6581908793825852,
        0.6830561255153856,
        0.6441122858147872,
        0.6195827487267946,
        0.6172832219224227,
        0.6091973624731365,
        0.5875376023744282,
        0.5993365598352332,
        0.6776835981168245,
        0.6188168839404458,
        0.6201847352479634,
        0.6767460892074987,
        0.5775129026488254,
        0.6051012795222434,
        0.6025308747040597,
        0.585378326867756,
        0.6401602382722654,
        0.5686391482227727,
        0.5902899393909856
    ]
}