{
    "train_acc": [
        49.05,
        50.0,
        52.8,
        52.8,
        55.2,
        55.35,
        57.45,
        58.15,
        59.6,
        57.95,
        59.1,
        61.0,
        61.25,
        63.1,
        63.2,
        63.9,
        66.0,
        67.2,
        68.15,
        66.95,
        68.45,
        68.9,
        69.6,
        70.5,
        70.35,
        70.85,
        70.9,
        72.5,
        71.95,
        69.9,
        72.5,
        71.25,
        70.85,
        71.9,
        74.5,
        72.5,
        73.4,
        73.8,
        74.0,
        73.7,
        74.1,
        73.7,
        75.15,
        74.2,
        74.4,
        75.6,
        73.85,
        76.6,
        75.3,
        76.5,
        75.3,
        75.75,
        77.9,
        76.75,
        76.4,
        77.15,
        77.2,
        78.45,
        77.6,
        77.65,
        77.95,
        79.05,
        78.25,
        78.75,
        78.2,
        79.6,
        79.1,
        77.45,
        79.1,
        79.95,
        78.85,
        80.55,
        80.15,
        79.8,
        79.5,
        80.35,
        80.4,
        80.95,
        79.65,
        80.75,
        81.4,
        81.25,
        82.05,
        82.2,
        81.4,
        81.75,
        82.7,
        82.8,
        81.9,
        82.85,
        81.7,
        83.0,
        83.8,
        83.75,
        82.85,
        82.65,
        83.7,
        83.75,
        82.45,
        83.3,
        83.5,
        84.45,
        83.8,
        83.65,
        83.85,
        84.0,
        83.85,
        85.25,
        83.6,
        84.05,
        83.5,
        84.35,
        86.0,
        85.3,
        85.3,
        84.5,
        86.1,
        84.55,
        85.0,
        86.35,
        85.65,
        86.75,
        86.3,
        86.4,
        85.7,
        86.2,
        85.3,
        86.4,
        86.15,
        86.9,
        86.7,
        87.0,
        86.65,
        87.65,
        87.25,
        87.15,
        88.05,
        87.8,
        86.8,
        87.1,
        87.85,
        87.75,
        86.4,
        87.55,
        87.7,
        88.3,
        87.3,
        86.95,
        87.7,
        88.0
    ],
    "train_loss": [
        0.6944538648166354,
        0.6937283901941209,
        0.6918341356610495,
        0.6917274452391124,
        0.6884181045350575,
        0.6857900023460388,
        0.6807319011007037,
        0.6747793772863964,
        0.6673516394600035,
        0.6695085281417483,
        0.6606471169562567,
        0.6582415406666104,
        0.6534700176072499,
        0.643540692707849,
        0.6454622821202354,
        0.6382315423753526,
        0.6270595136142912,
        0.6174202849940648,
        0.6077729179745629,
        0.6193585022101327,
        0.6052177444336906,
        0.5901261903936901,
        0.582205057144165,
        0.5720229480001662,
        0.5752305714857011,
        0.5752465890513526,
        0.5707458683422634,
        0.5588999272338928,
        0.558131235932547,
        0.5720575593766712,
        0.5527463664138128,
        0.569419275673609,
        0.5565317609007396,
        0.5492002334859636,
        0.522239894620956,
        0.5377928874795399,
        0.5276621476052299,
        0.5440033371486361,
        0.530018520260614,
        0.5233749170151968,
        0.5278339395447383,
        0.5232473995004382,
        0.5112752554908632,
        0.5147320784273601,
        0.5082817323624141,
        0.5023196334876712,
        0.5146636049898844,
        0.4943159700386108,
        0.4972332654491303,
        0.4968458820903112,
        0.5056225217524029,
        0.49622841439549886,
        0.47371113915292046,
        0.48986982211234076,
        0.4700227356146252,
        0.47655291027492946,
        0.47466393926787,
        0.46498440324314055,
        0.4755146546023233,
        0.4748366101393624,
        0.4689731351912968,
        0.4556444642089662,
        0.4582754600615728,
        0.4602561697127327,
        0.47131875393882633,
        0.4477106649724264,
        0.4541699517340887,
        0.4574998040047903,
        0.44943214976598345,
        0.43322824296497164,
        0.4436487796760741,
        0.43011082661530325,
        0.42691915044708856,
        0.44297080096744357,
        0.43854023539830767,
        0.42379547963066705,
        0.42302392636026653,
        0.4267023182104504,
        0.4215028132238085,
        0.4239238396523491,
        0.41372910307513344,
        0.4164959854549832,
        0.4011286719450875,
        0.40279503994517857,
        0.41321248194528004,
        0.3992045833950951,
        0.40848109031480456,
        0.3951868712902069,
        0.39994559567126015,
        0.38964669974077315,
        0.40051936109860736,
        0.3816147030345977,
        0.3745644388217775,
        0.3699883229675747,
        0.3686802609572335,
        0.3922701794949789,
        0.36660954427151454,
        0.3737002533106577,
        0.3895614151916807,
        0.3684463791903995,
        0.3760092743332424,
        0.3563878318620107,
        0.3761877767623417,
        0.36264970614796593,
        0.3580462057439108,
        0.366699055546806,
        0.34857244978821467,
        0.3427633796892469,
        0.36609470158342333,
        0.35076041022936505,
        0.36315547734025927,
        0.3534725589884652,
        0.3453827803097074,
        0.34027347086914,
        0.33901539397618125,
        0.3567087212725291,
        0.32887734354488435,
        0.34896017445458305,
        0.3525386206687443,
        0.33284037264566574,
        0.3414939842999928,
        0.3247654799904142,
        0.32149307689969503,
        0.3143499773882684,
        0.33121245366240304,
        0.31351754613338956,
        0.3326920975768377,
        0.310735580821832,
        0.30571813313733964,
        0.31982753946194575,
        0.3182550808266988,
        0.30485516999449047,
        0.31308103459221975,
        0.3099586358146062,
        0.31520411443142665,
        0.2903331775986959,
        0.28805137898713823,
        0.2836261129095441,
        0.3070686852175092,
        0.3053297100086061,
        0.28362311824919684,
        0.2873466272675802,
        0.30747878007472507,
        0.28458123642300803,
        0.2964769656222964,
        0.28363391094737583,
        0.2965579204379566,
        0.29366269423848107,
        0.2875050201065957,
        0.2830712383701688
    ],