{
    "train_acc": [
        51.9,
        55.15,
        59.05,
        60.45,
        63.55,
        66.05,
        68.2,
        68.9,
        69.9,
        70.6,
        72.95,
        72.25,
        73.55,
        73.9,
        73.9,
        75.75,
        74.3,
        76.2,
        76.3,
        76.0,
        77.65,
        77.85,
        77.7,
        78.9,
        79.1,
        77.95,
        79.4,
        78.8,
        79.7,
        81.15,
        81.2,
        80.1,
        81.5,
        80.9,
        81.7,
        81.55,
        81.0,
        83.0,
        82.8,
        82.1,
        82.55,
        83.15,
        84.1,
        82.9,
        83.1,
        84.05,
        84.85,
        84.95,
        84.75,
        85.25
    ],
    "train_loss": [
        0.6924621396594577,
        0.6874468534711807,
        0.6720372476275005,
        0.6626501461816212,
        0.6421970852783748,
        0.6222481008559938,
        0.6043292161018129,
        0.5890525735559917,
        0.5810120086821299,
        0.5771222620729416,
        0.5619302306856427,
        0.5540718081451598,
        0.5383279247889443,
        0.5354854521297273,
        0.5209605935074034,
        0.5093655699775332,
        0.5257370074590048,
        0.5055032698881059,
        0.5104779269960191,
        0.49618339018216207,
        0.4788660345569489,
        0.4767804207309844,
        0.4746764340097942,
        0.4617062480676742,
        0.4623179691178458,
        0.4599971797258135,
        0.4467833035048984,
        0.4438063194827428,
        0.4316269348538111,
        0.42396468941181426,
        0.4237053692340851,
        0.41763879808168564,
        0.40923430522282916,
        0.4126580622461107,
        0.40524702460046796,
        0.4064276180570088,
        0.40356363048629157,
        0.3873283077800085,
        0.39274097979068756,
        0.3792012232163596,
        0.3761311875922339,
        0.38152262119073715,
        0.3690187410702781,
        0.3733743606578736,
        0.36781806865381816,
        0.3572152084301388,
        0.3508550780160086,
        0.34325506620936924,
        0.3402276100620391,
        0.34304172959592605
    ],
    "validation_acc": [
        50.0,
        61.166666666666664,
        61.166666666666664,
        61.5,
        59.5,
        64.83333333333333,
        68.16666666666667,
        67.33333333333333,
        67.66666666666667,
        68.16666666666667,
        71.5,
        70.5,
        70.16666666666667,
        71.16666666666667,
        72.66666666666667,
        72.5,
        73.16666666666667,
        72.16666666666667,
        72.66666666666667,
        73.0,
        75.5,
        73.0,
        73.33333333333333,
        73.5,
        74.33333333333333,
        73.83333333333333,
        74.5,
        76.33333333333333,
        75.0,
        74.83333333333333,
        74.66666666666667,
        75.5,
        76.33333333333333,
        75.16666666666667,
        76.0,
        76.0,
        76.33333333333333,
        76.83333333333333,
        77.16666666666667,
        75.66666666666667,
        77.16666666666667,
        75.83333333333333,
        77.5,
        77.83333333333333,
        79.16666666666667,
        79.0,
        77.5,
        79.0,
        78.33333333333333,
        78.16666666666667
    ],
    "validation_loss": [
        0.6888992629553142,
        0.6817887425422668,
        0.6652738985262419,
        0.6540302038192749,
        0.6624375079807482,
        0.6260843998507449,
        0.6109931970897474,
        0.6021674400881717,
        0.6031288300689898,
        0.5883595723854868,
        0.5838083091535067,
        0.5764505784762534,
        0.5804423705527657,
        0.5712247977131292,
        0.5532520962388892,
        0.5519465741358305,
        0.5403328349715785,
        0.571950542299371,
        0.5322011866067585,
        0.5398141867236087,
        0.5230222642421722,
        0.5281385261761514,
        0.5204864207066988,
        0.531165389638198,
        0.5005171706801966,
        0.5030341022893002,
        0.4952605068683624,
        0.48636830323620844,
        0.516628340670937,
        0.49499394862275375,
        0.4939586065317455,
        0.48237927963859156,
        0.48967001783220393,
        0.48315366632060003,
        0.48178129917696905,
        0.4908729713214071,
        0.4758408618600745,
        0.47594927172911794,
        0.4697346169697611,
        0.5011030435562134,
        0.4826897978782654,
        0.4737854678379862,
        0.46806084952856364,
        0.4635499135444039,
        0.4563771156888259,
        0.46489402494932475,
        0.46491184203248276,
        0.454188186871378,
        0.4497061042409194,
        0.4540906893579583
    ]
}