{
    "train_acc": [
        49.75,
        50.3,
        50.05,
        55.5,
        53.7,
        55.15,
        58.8,
        61.95,
        63.95,
        64.8,
        66.85,
        68.5,
        68.7,
        69.5,
        68.55,
        69.65,
        68.8,
        71.15,
        70.4,
        70.85,
        70.95,
        71.85,
        72.4,
        72.65,
        71.9,
        71.4,
        73.0,
        71.6,
        73.05,
        73.7,
        72.6,
        74.6,
        74.55,
        73.1,
        74.4,
        74.85,
        75.2,
        74.6,
        76.1,
        75.85,
        77.4,
        75.7,
        77.85,
        76.45,
        77.6,
        77.8,
        77.3,
        77.95,
        78.25,
        78.2,
        78.45,
        78.1,
        78.45,
        78.25,
        78.0,
        78.45,
        79.15,
        79.5,
        81.15,
        78.7,
        79.65,
        80.0,
        80.5,
        81.0,
        81.45,
        82.25,
        79.65,
        80.4,
        80.7,
        82.15,
        81.3,
        81.1,
        82.7,
        80.6,
        81.3,
        81.75,
        82.8,
        82.9,
        83.65,
        81.5,
        82.95,
        83.15,
        83.55,
        83.55,
        84.6,
        82.7,
        84.55,
        84.7,
        83.5,
        84.45,
        84.0,
        85.35,
        85.1,
        85.0,
        85.4,
        85.7,
        85.5,
        85.15,
        85.55,
        85.6,
        85.95,
        85.5,
        85.1,
        86.15,
        86.7,
        87.25,
        86.3,
        86.2,
        86.05,
        86.45,
        85.65,
        86.8,
        86.55,
        86.1,
        87.05,
        87.2,
        87.55,
        86.8,
        88.0,
        88.0,
        88.25,
        87.15,
        88.75,
        87.55,
        88.45,
        87.0,
        87.25,
        87.65,
        87.9,
        86.95,
        89.25,
        88.75,
        88.65,
        88.7,
        89.6,
        88.85,
        87.75,
        89.1,
        89.2,
        88.9,
        88.25,
        89.15,
        89.65,
        89.05,
        88.75,
        89.95,
        89.65,
        88.05,
        89.15,
        90.65
    ],
    "train_loss": [
        0.6940720015101962,
        0.6946174265846373,
        0.6935603713232373,
        0.6889730209395999,
        0.6894996232456632,
        0.6867150049360972,
        0.6730863631717743,
        0.6588222611518133,
        0.6446235009602138,
        0.6256942091480134,
        0.6245839501184131,
        0.5978740737551734,
        0.6026504536469778,
        0.5921653476026323,
        0.5959508821131692,
        0.5812647002083915,
        0.5783746630426437,
        0.563763972312685,
        0.5623358128562806,
        0.5678827554460556,
        0.5662489093485332,
        0.5652470792096759,
        0.5586596244857425,
        0.5455473193100521,
        0.5587133585460602,
        0.5502077005212269,
        0.5385895584310804,
        0.5468803970586686,
        0.5382759840715499,
        0.5297716212651086,
        0.5346848094274127,
        0.5257248944706387,
        0.517826764829575,
        0.5286993687115018,
        0.5187760118454222,
        0.5140530916433486,
        0.5183196914574456,
        0.5134977769284021,
        0.49932818942599827,
        0.48961652697078767,
        0.48846210894130526,
        0.4859388078015948,
        0.471460128114337,
        0.4938167007196517,
        0.4679098001548222,
        0.4747155100580246,
        0.47692910357127116,
        0.46653778496242704,
        0.46274214273407344,
        0.4548426488089183,
        0.46073417531119454,
        0.4648149216931964,
        0.4531701301771497,
        0.454233028822475,
        0.45681241438502357,
        0.45122763561824014,
        0.4454540191661744,
        0.44744947647291516,
        0.4166516860326131,
        0.44709330466058517,
        0.43148931340565755,
        0.4281362389761304,
        0.4360666282120205,
        0.4152237770576326,
        0.4248771132930877,
        0.40464274325068034,
        0.43188590615514727,
        0.42022035803113666,
        0.40772407312714865,
        0.4025301244996843,
        0.4066689932157123,
        0.41358750088820384,
        0.38735094973965295,
        0.4246581504269252,
        0.41537746952639687,
        0.40248470859868185,
        0.37742208417445894,
        0.38355858340149834,
        0.367888942360878,
        0.3954489583533908,
        0.37858408382014624,
        0.3791475851857473,
        0.3726117012519685,
        0.359289266050808,
        0.35906742820664056,
        0.3752018471085836,
        0.35301886971980806,
        0.3458047466618674,
        0.36252421448155053,
        0.35707937914227683,
        0.34870198865731555,
        0.34381003819760825,
        0.3371362993641505,
        0.33439177582188256,
        0.3447940307004111,
        0.3356402426485031,
        0.33092996052333284,
        0.3268341975552695,
        0.34690505632805446,
        0.335695125517391,
        0.33791951054618474,
        0.3291464741267855,
        0.3408782427746152,
        0.3382235327883372,
        0.31683295634057784,
        0.30473487812375266,
        0.31940621326840113,
        0.32489700946542954,
        0.3083393136187205,
        0.3088100611690491,
        0.3154616260102817,
        0.310338640260318,
        0.3054027987851037,
        0.31891972725353546,
        0.2970694386296802,
        0.3000860833932483,
        0.28625360261353233,
        0.2942073209181664,
        0.2935669817148693,
        0.27705779979153283,
        0.283242925528496,
        0.28856279854736633,
        0.27542835627756423,
        0.29020730228651137,
        0.27239055931568146,
        0.2918786281158054,
        0.2831621311959766,
        0.28072806021996904,
        0.2858548275535069,
        0.2885134370317535,
        0.2555824229641566,
        0.271443042845007,
        0.2746228133402174,
        0.2672956268938761,
        0.25646986729568905,
        0.2643689846708661,
        0.2717852702453023,
        0.2652250781418785,
        0.26791358703658696,
        0.27137496085867047,
        0.27424383802073343,
        0.2612004255255063,
        0.25397048370232655,
        0.26583682946742526,
        0.2562898262625649,
        0.24200439784261915,
        0.2534683369218357,
        0.2743879424201118,
        0.26512951001761453,
        0.228713891927212
    ],