{
    "train_acc": [
        50.0,
        51.35,
        52.25,
        55.45,
        57.65,
        59.15,
        60.8,
        60.95,
        62.05,
        62.5,
        63.15,
        63.85,
        63.85,
        66.9,
        64.3,
        66.3,
        66.2,
        69.05,
        69.25,
        70.85,
        68.3,
        70.6,
        70.85,
        72.6,
        71.4,
        71.85,
        71.6,
        74.0,
        72.8,
        73.3,
        73.6,
        73.6,
        74.45,
        75.3,
        74.0,
        75.25,
        75.85,
        75.2,
        76.15,
        75.0,
        76.8,
        75.45,
        76.4,
        77.35,
        78.0,
        77.5,
        78.85,
        78.55,
        77.8,
        78.95,
        77.95,
        77.85,
        79.25,
        79.65,
        79.95,
        81.45,
        79.1,
        79.6,
        79.7,
        81.15,
        80.5,
        80.25,
        80.95,
        80.45,
        82.6,
        82.05,
        81.4,
        81.65,
        82.85,
        82.4,
        82.4,
        83.15,
        82.1,
        82.9,
        83.2,
        83.05,
        82.85,
        83.4,
        83.7,
        83.6,
        83.8,
        84.6,
        84.4,
        83.85,
        85.5,
        84.45,
        84.0,
        84.75,
        85.05,
        85.1,
        85.9,
        85.6,
        86.4,
        86.5,
        85.1,
        85.7,
        86.2,
        86.35,
        86.1,
        86.25,
        86.25,
        86.3,
        85.6,
        87.3,
        87.4,
        87.5,
        87.5,
        86.75,
        87.9,
        87.1,
        87.4,
        87.65,
        86.75,
        87.6,
        86.8,
        88.65,
        88.65,
        87.8,
        88.4,
        87.8,
        88.25,
        88.15,
        88.0,
        87.05,
        88.3,
        88.3,
        87.8,
        89.6,
        89.85,
        89.5,
        88.2,
        88.95,
        88.8,
        89.5,
        90.0,
        89.75,
        89.95,
        89.1,
        89.8,
        89.2,
        89.3,
        89.85,
        89.5,
        90.4,
        89.75,
        90.8,
        90.9,
        89.45,
        89.6,
        90.7
    ],
    "train_loss": [
        0.6932911428194197,
        0.692804581589169,
        0.691705360299065,
        0.6868747378152514,
        0.6785995931852431,
        0.6716627194767907,
        0.663084452114408,
        0.658175599953485,
        0.6527515659256587,
        0.6482390789758592,
        0.6470464590996031,
        0.6327696698052543,
        0.6359978356058635,
        0.6216609629373702,
        0.6243644337805491,
        0.6233750822998229,
        0.6115466786755456,
        0.5903811766987755,
        0.5941273494372292,
        0.5764473558418335,
        0.5815493682074169,
        0.5625649184461624,
        0.5648045341173807,
        0.5600075792698633,
        0.5643636196378677,
        0.5566512582794069,
        0.5521693939254397,
        0.5250929102065072,
        0.54506401835926,
        0.5456381340821584,
        0.5285475973098998,
        0.5407535878438798,
        0.5199718863245041,
        0.5184281444738782,
        0.5211056366799369,
        0.5085737487626454,
        0.4992595754918598,
        0.5054488503743731,
        0.5085914735756223,
        0.49747047254017424,
        0.49047426004258415,
        0.4858523744439322,
        0.47940256765910555,
        0.46838039301690604,
        0.46515113162615945,
        0.4704876456941877,
        0.4540828603600699,
        0.4591497518713512,
        0.45468601111381773,
        0.4460471002828507,
        0.4565049476093716,
        0.4613678620921241,
        0.44452869844815085,
        0.4339419425953002,
        0.4310680024680637,
        0.4231345849850821,
        0.4399725411619459,
        0.44294413025417023,
        0.42293231520387864,
        0.4127155100069349,
        0.4181496439472077,
        0.42934925688637626,
        0.41842209157489596,
        0.42334084898706464,
        0.3953910056087706,
        0.40353008584370686,
        0.41135602219710277,
        0.40907321752063813,
        0.4011057307795873,
        0.39107908805211383,
        0.3913376023845067,
        0.38157502620939227,
        0.3892889938184193,
        0.3866937193605635,
        0.3832896616723802,
        0.37280940678384566,
        0.38726825988481917,
        0.3796166507970719,
        0.37630055371731047,
        0.36193840726027415,
        0.3549592353048779,
        0.3515324249627098,
        0.3509584329431019,
        0.3535634773591208,
        0.34754871754419236,
        0.3525626888823888,
        0.35539759553614114,
        0.34972048539017875,
        0.33942231488606284,
        0.34080114109175547,
        0.3344935677827351,
        0.32679687061953167,
        0.3109009036469081,
        0.31652712183339254,
        0.3381029556667994,
        0.32897698264273384,
        0.316683136281513,
        0.32551841083027067,
        0.31891271980508923,
        0.31227809261708034,
        0.3192243195242352,
        0.31898496903124307,
        0.32132522619905923,
        0.30119709623238394,
        0.2968904407961028,
        0.296243865456846,
        0.3013811277018653,
        0.3054643032096681,
        0.2855016794942674,
        0.3184688013224375,
        0.30598040019708966,
        0.2716256119902172,
        0.2894113340548107,
        0.2857491694509037,
        0.3017546068581324,
        0.27251990470621323,
        0.27869786156548393,
        0.283187859469936,
        0.2713496916823917,
        0.29074307519292075,
        0.28087762151918716,
        0.2843579988157938,
        0.2684625947759265,
        0.281626268038674,
        0.2693216810150752,
        0.2687859981069489,
        0.28613433111754677,
        0.25574783767972675,
        0.24871693764414107,
        0.25402889258804773,
        0.27277609516703893,
        0.2617729254185207,
        0.25618665251466965,
        0.2513331934100106,
        0.24945177504467586,
        0.25168737095026744,
        0.24651354504010034,
        0.26022248596899095,
        0.26237526772514225,
        0.2607789433428219,
        0.2538527652384743,
        0.24503394748483384,
        0.2372727222622387,
        0.24239910618653374,
        0.24876341803206337,
        0.2369896498700929,
        0.22978104710105865,
        0.243947799716677,
        0.23862239351821324,
        0.23283299969302285
    ],