{
    "train_acc": [
        53.0,
        58.95,
        64.5,
        67.1,
        67.55,
        70.25,
        70.4,
        71.85,
        71.2,
        72.95,
        72.6,
        73.65,
        74.85,
        74.9,
        73.55,
        75.65,
        75.8,
        77.0,
        75.65,
        77.7,
        77.7,
        76.55,
        78.45,
        78.1,
        78.65,
        78.25,
        79.95,
        80.3,
        79.6,
        79.85,
        78.45,
        81.1,
        81.5,
        81.5,
        81.4,
        82.75,
        82.25,
        82.65,
        83.35,
        83.9,
        84.25,
        83.75,
        84.7,
        83.8,
        84.4,
        84.85,
        85.3,
        85.25,
        86.25,
        85.1,
        85.2,
        86.05,
        85.95,
        87.3,
        87.45,
        87.45,
        87.5,
        86.85,
        88.4,
        88.5,
        88.6,
        88.3,
        88.15,
        89.05,
        87.9,
        90.15,
        90.35,
        89.9,
        90.15,
        90.05,
        90.2,
        89.45,
        89.45,
        90.25,
        90.7,
        89.75,
        90.6,
        90.4,
        90.9,
        91.35,
        91.9,
        91.1,
        91.7,
        92.6,
        91.7,
        92.7,
        92.1,
        92.65,
        92.4,
        93.05,
        92.1,
        93.5,
        93.05,
        93.45,
        92.35,
        93.45,
        93.3,
        93.45,
        93.15,
        94.3
    ],
    "train_loss": [
        0.6911435770610023,
        0.6670724976630438,
        0.6342391106817458,
        0.6044506932061816,
        0.6011167140234084,
        0.5815262032879723,
        0.5713902650371431,
        0.5639486029034569,
        0.561487491168673,
        0.5501041156905038,
        0.5466188357936012,
        0.5303464981298598,
        0.5222377209436326,
        0.5106200533253806,
        0.5159709032565828,
        0.511274464546688,
        0.502028417019617,
        0.48451820630875847,
        0.4981982547139365,
        0.47157293368899633,
        0.46938420004314846,
        0.4763610973244622,
        0.4702328618556734,
        0.4599020528414893,
        0.45388640818141757,
        0.4400701182229178,
        0.4434687239783151,
        0.43185907460394357,
        0.4351127502464113,
        0.432794777410371,
        0.4354328792246561,
        0.4249937172446932,
        0.41054934239576735,
        0.4063778032386114,
        0.407810741473758,
        0.3881572357245854,
        0.3899639371841673,
        0.3911710324741545,
        0.37364480845511905,
        0.3717839594871279,
        0.37072614308387514,
        0.35760458144876694,
        0.3491440067688624,
        0.3583294205249302,
        0.34167080786493087,
        0.35167185370884246,
        0.34281447529792786,
        0.3419591618908776,
        0.32596783505545723,
        0.3284987545912228,
        0.34248318724215976,
        0.32096995484261287,
        0.31892211569680107,
        0.30746660913739887,
        0.29466006349003504,
        0.2963085257344776,
        0.3010860761952779,
        0.2935561251545709,
        0.27682611984866007,
        0.2776629292066135,
        0.281989096412583,
        0.27361642273645553,
        0.276381264485064,
        0.2631339203743708,
        0.2830878130736805,
        0.25157920212026624,
        0.255003755291303,
        0.26024674186630853,
        0.24519405466696573,
        0.22559259465289494,
        0.24617466732623086,
        0.24567658430527126,
        0.25005233997390386,
        0.2449599765832462,
        0.2267303496362671,
        0.23957089216463148,
        0.2150450229408249,
        0.2235123264411139,
        0.22066757201202333,
        0.21690971510750906,
        0.20672269260126447,
        0.2207760392791695,
        0.2108019927427882,
        0.1986174535538469,
        0.20624793415504789,
        0.19783833528321887,
        0.2024658221810583,
        0.18536549227105248,
        0.19797167714153016,
        0.18493874903236115,
        0.20756257893074126,
        0.17513107721294677,
        0.17968831832210222,
        0.16961800922004003,
        0.18597153124828186,
        0.1779490023378342,
        0.16500732917634267,
        0.15989247212807337,
        0.17430086906940218,
        0.1587991447794059
    ],
    "validation_acc": [
        59.166666666666664,
        60.166666666666664,
        65.66666666666667,
        65.33333333333333,
        65.16666666666667,
        67.33333333333333,
        61.166666666666664,
        67.5,
        66.0,
        68.83333333333333,
        68.0,
        68.33333333333333,
        69.5,
        64.5,
        68.5,
        66.66666666666667,
        66.5,
        69.66666666666667,
        68.83333333333333,
        69.5,
        68.16666666666667,
        70.5,
        69.0,
        70.5,
        70.33333333333333,
        70.66666666666667,
        70.83333333333333,
        72.16666666666667,
        74.33333333333333,
        73.66666666666667,
        74.0,
        74.0,
        74.0,
        74.33333333333333,
        74.33333333333333,
        74.16666666666667,
        75.5,
        76.33333333333333,
        76.16666666666667,
        76.66666666666667,
        74.66666666666667,
        76.83333333333333,
        75.5,
        76.33333333333333,
        77.16666666666667,
        77.5,
        77.66666666666667,
        77.16666666666667,
        78.66666666666667,
        76.83333333333333,
        76.83333333333333,
        78.66666666666667,
        78.66666666666667,
        76.66666666666667,
        77.33333333333333,
        78.16666666666667,
        75.83333333333333,
        79.16666666666667,
        78.66666666666667,
        79.0,
        80.5,
        79.0,
        80.66666666666667,
        78.83333333333333,
        79.5,
        78.16666666666667,
        79.16666666666667,
        78.83333333333333,
        80.16666666666667,
        79.66666666666667,
        79.33333333333333,
        80.33333333333333,
        79.83333333333333,
        79.16666666666667,
        79.16666666666667,
        79.83333333333333,
        80.16666666666667,
        79.5,
        79.16666666666667,
        80.16666666666667,
        80.0,
        79.83333333333333,
        80.83333333333333,
        80.33333333333333,
        78.66666666666667,
        80.66666666666667,
        79.33333333333333,
        77.33333333333333,
        79.16666666666667,
        80.83333333333333,
        79.33333333333333,
        80.0,
        79.66666666666667,
        79.5,
        79.0,
        80.16666666666667,
        80.33333333333333,
        81.16666666666667,
        81.66666666666667,
        78.16666666666667
    ],