{
    "train_acc": [
        51.9,
        56.75,
        61.7,
        63.6,
        67.7,
        67.6,
        70.6,
        70.3,
        70.4,
        72.3,
        72.3,
        72.45,
        73.55,
        72.75,
        73.0,
        74.6,
        75.5,
        75.8,
        77.9,
        76.8,
        77.7,
        77.5,
        78.9,
        78.95,
        78.3,
        79.3,
        79.3,
        80.2,
        80.7,
        81.4,
        81.05,
        80.95,
        82.4,
        82.35,
        82.75,
        82.65,
        82.2,
        83.8,
        83.25,
        85.05,
        84.35,
        85.0,
        85.45,
        84.85,
        84.65,
        85.75,
        86.0,
        86.6,
        87.2,
        87.8
    ],
    "train_loss": [
        0.6921213571987455,
        0.6838239242160131,
        0.6657254052540612,
        0.6380071015585036,
        0.6146652972887433,
        0.6080098242040665,
        0.5861280891630385,
        0.5824057478753347,
        0.5702112255588411,
        0.5652090646917858,
        0.5577538003997197,
        0.5440682783013299,
        0.5398481597029974,
        0.5365126870927357,
        0.5319036420375581,
        0.5153704616758559,
        0.5208657497451419,
        0.49958343023345586,
        0.48399100322572014,
        0.4887625570335085,
        0.4698678893702371,
        0.4695698931103661,
        0.4597874756843325,
        0.45716677677063716,
        0.45245547001324005,
        0.4488128660217164,
        0.44768819709618884,
        0.4331709014044868,
        0.42071345779630875,
        0.41076243420441944,
        0.413965728547838,
        0.40453892662411645,
        0.39233564786494723,
        0.390039709588838,
        0.38534026060785564,
        0.37871140974854667,
        0.3842399626497238,
        0.3671154849349506,
        0.3747345885587117,
        0.35646423011545153,
        0.3573259034800151,
        0.3390878930924431,
        0.32542894023751456,
        0.3364211784468757,
        0.32720595527262913,
        0.33071778809267377,
        0.32134653840746197,
        0.32043633787404924,
        0.30678502978786587,
        0.307197525032929
    ],
    "validation_acc": [
        50.0,
        57.833333333333336,
        62.333333333333336,
        67.0,
        61.0,
        67.0,
        68.5,
        69.5,
        71.0,
        71.5,
        69.5,
        70.66666666666667,
        72.33333333333333,
        68.33333333333333,
        73.33333333333333,
        72.66666666666667,
        74.33333333333333,
        75.5,
        73.5,
        73.83333333333333,
        76.0,
        74.66666666666667,
        76.5,
        74.83333333333333,
        77.16666666666667,
        75.83333333333333,
        76.16666666666667,
        77.0,
        77.0,
        76.66666666666667,
        76.16666666666667,
        78.5,
        81.0,
        77.66666666666667,
        78.66666666666667,
        79.66666666666667,
        77.66666666666667,
        77.5,
        79.83333333333333,
        77.5,
        77.66666666666667,
        80.33333333333333,
        80.66666666666667,
        80.33333333333333,
        80.16666666666667,
        80.5,
        79.0,
        80.33333333333333,
        80.83333333333333,
        78.33333333333333
    ],
    "validation_loss": [
        0.6927571296691895,
        0.6729535774180764,
        0.6566425154083654,
        0.6387465941278558,
        0.665811173225704,
        0.6254632080856123,
        0.6025560011989192,
        0.6021171400421544,
        0.5889116306053964,
        0.5779569211759066,
        0.5756237616664485,
        0.5890539586544037,
        0.5616398798791986,
        0.5848270011575598,
        0.5493136456138209,
        0.5598512464448026,
        0.5396689584380702,
        0.52614258935577,
        0.5265167559448042,
        0.5290776302939967,
        0.5373779205899489,
        0.5283397828277788,
        0.5105452412053159,
        0.536216709174608,
        0.5075219744130185,
        0.5033614447242335,
        0.5012127788443315,
        0.47887230703705236,
        0.49741616923558085,
        0.4890251151825252,
        0.48665976838061686,
        0.47674997856742457,
        0.46457788505052267,
        0.4775125603926809,
        0.4806736480248602,
        0.45616518666869715,
        0.48240117571855845,
        0.4861721412131661,
        0.4548454723860088,
        0.49687313170809494,
        0.47070969170645666,
        0.4581160662989867,
        0.47085104333726985,
        0.455303839947048,
        0.43644353512086365,
        0.4372052103281021,
        0.45926059782505035,
        0.4650392446078752,
        0.43504630578191655,
        0.45525029772206355
    ]
}