{
    "train_acc": [
        51.15,
        51.05,
        56.65,
        62.55,
        62.9,
        65.95,
        65.1,
        65.9,
        68.05,
        67.35,
        67.45,
        68.2,
        68.0,
        69.55,
        69.2,
        68.85,
        69.9,
        70.35,
        71.15,
        70.4,
        70.45,
        70.6,
        71.55,
        72.8,
        71.35,
        73.0,
        72.85,
        72.55,
        73.5,
        73.5,
        74.1,
        73.8,
        74.0,
        73.15,
        73.6,
        75.25,
        75.05,
        74.3,
        75.05,
        74.7,
        74.8,
        75.0,
        73.55,
        74.55,
        75.85,
        75.6,
        75.55,
        75.75,
        76.35,
        75.55,
        75.75,
        77.55,
        77.9,
        78.1,
        76.55,
        77.85,
        77.05,
        77.4,
        77.1,
        79.15,
        78.35,
        78.35,
        78.6,
        79.0,
        77.85,
        77.7,
        78.6,
        78.75,
        78.0,
        79.85,
        77.6,
        78.75,
        80.1,
        78.25,
        79.05,
        78.8,
        80.5,
        78.8,
        80.2,
        80.1,
        79.7,
        79.7,
        80.2,
        79.3,
        78.9,
        80.2,
        80.85,
        79.75,
        80.2,
        79.9,
        79.9,
        80.45,
        81.65,
        80.85,
        81.1,
        80.8,
        79.55,
        80.8,
        81.55,
        82.25
    ],
    "train_loss": [
        0.694676713337974,
        0.6911832179341998,
        0.6792302112730723,
        0.6560657771806868,
        0.6437134203456697,
        0.6280763073573037,
        0.6199418117129614,
        0.6183270589699821,
        0.6108591916069152,
        0.6074107265661634,
        0.6059321202929058,
        0.600441996540342,
        0.6012233878884997,
        0.5838366278580257,
        0.5837715835798354,
        0.5815661932740893,
        0.5791197934794048,
        0.5720091873691195,
        0.5699916765803382,
        0.5663837989171346,
        0.56613061588908,
        0.5609032752968016,
        0.5556682991603065,
        0.5492318570613861,
        0.5607154648455362,
        0.5480801817916688,
        0.5480120446946886,
        0.5368294365822323,
        0.5436422214621589,
        0.5374276311624617,
        0.5336009642434498,
        0.535502951296549,
        0.5276460425248222,
        0.534639984369278,
        0.5249657824872032,
        0.522378363779613,
        0.510460134536501,
        0.5222221078380705,
        0.5120382228540996,
        0.5113698750261276,
        0.5101981953022972,
        0.5074053165458497,
        0.5186693923813956,
        0.5081119546814571,
        0.4986579091775985,
        0.5035839639012776,
        0.5012099511093564,
        0.4945740127374256,
        0.4918315609296163,
        0.4944488268996042,
        0.4883412548473903,
        0.48566091439080616,
        0.47924570668311345,
        0.46954311643327984,
        0.488003403894485,
        0.47856640200766304,
        0.4788410204743582,
        0.48037928910482497,
        0.4788823189243438,
        0.46442739310718717,
        0.47161552617474206,
        0.47029909018486266,
        0.4650173887373909,
        0.4648057260210552,
        0.4658947180187891,
        0.46102858015469145,
        0.4632391603220077,
        0.45463500845999943,
        0.45922933353318107,
        0.45792593416713534,
        0.46373368255675784,
        0.45158608896391733,
        0.44577206836806404,
        0.4526548019004247,
        0.4624011119206746,
        0.4530193313719734,
        0.436699472012974,
        0.446803475892733,
        0.43888132605287766,
        0.44111458862584735,
        0.4361451618255131,
        0.4332982391592056,
        0.43561590522054644,
        0.44752220572933316,
        0.4432687272155096,
        0.43890860960597083,
        0.4279934603070456,
        0.44461139090477475,
        0.4314333460633717,
        0.422265201097443,
        0.42326604042734417,
        0.4296545556613377,
        0.4208560209898722,
        0.42657945719030166,
        0.419099711473026,
        0.4250809200226314,
        0.4259320440746489,
        0.421201410274657,
        0.40572714143329197,
        0.4092426309509883
    ],
    "validation_acc": [
        50.0,
        50.0,
        58.333333333333336,
        61.333333333333336,
        63.333333333333336,
        63.0,
        64.83333333333333,
        64.66666666666667,
        64.16666666666667,
        64.0,
        63.5,
        66.83333333333333,
        66.83333333333333,
        65.66666666666667,
        65.16666666666667,
        67.0,
        66.5,
        66.66666666666667,
        67.83333333333333,
        66.16666666666667,
        68.5,
        68.83333333333333,
        67.16666666666667,
        68.5,
        68.5,
        67.16666666666667,
        69.5,
        69.83333333333333,
        70.16666666666667,
        69.0,
        68.5,
        69.33333333333333,
        68.66666666666667,
        70.66666666666667,
        71.83333333333333,
        71.33333333333333,
        69.33333333333333,
        71.33333333333333,
        72.66666666666667,
        71.66666666666667,
        69.66666666666667,
        71.16666666666667,
        70.66666666666667,
        69.66666666666667,
        68.66666666666667,
        73.66666666666667,
        71.16666666666667,
        72.5,
        73.5,
        73.0,
        73.66666666666667,
        73.0,
        71.66666666666667,
        72.0,
        73.5,
        74.0,
        71.5,
        72.16666666666667,
        72.0,
        73.16666666666667,
        73.66666666666667,
        72.83333333333333,
        74.66666666666667,
        74.16666666666667,
        73.83333333333333,
        73.66666666666667,
        73.33333333333333,
        73.0,
        73.5,
        73.5,
        73.0,
        73.5,
        73.5,
        72.5,
        74.16666666666667,
        73.83333333333333,
        73.0,
        73.83333333333333,
        74.83333333333333,
        73.66666666666667,
        74.0,
        73.66666666666667,
        74.16666666666667,
        73.83333333333333,
        73.66666666666667,
        74.33333333333333,
        71.33333333333333,
        73.0,
        73.5,
        73.0,
        74.16666666666667,
        73.66666666666667,
        73.83333333333333,
        74.66666666666667,
        74.0,
        73.5,
        73.0,
        74.0,
        73.33333333333333,
        73.83333333333333
    ],