{
    "train_acc": [
        50.55,
        55.95,
        62.0,
        64.3,
        66.05,
        68.75,
        68.8,
        69.6,
        70.15,
        71.75,
        73.2,
        73.95,
        74.75,
        75.8,
        75.25,
        76.3,
        76.2,
        77.0,
        77.3,
        77.75,
        77.95,
        77.75,
        78.95,
        78.7,
        79.35,
        79.6,
        80.2,
        80.9,
        79.9,
        81.2,
        80.75,
        81.45,
        82.35,
        82.75,
        81.9,
        81.2,
        83.05,
        82.4,
        83.15,
        84.0,
        84.2,
        84.75,
        83.9,
        84.7,
        84.65,
        85.85,
        86.0,
        85.65,
        86.45,
        86.8
    ],
    "train_loss": [
        0.6919757818418836,
        0.6858857993095641,
        0.658774629471794,
        0.6377078654274108,
        0.6253002252843645,
        0.6150630774006011,
        0.5935924412712218,
        0.5840919973358275,
        0.5833992948607792,
        0.5618741729902843,
        0.539963691480576,
        0.533443042683223,
        0.5289635331857772,
        0.5055399702654945,
        0.5058027870125241,
        0.4984664283101521,
        0.4971049522596692,
        0.48856154462647816,
        0.47212950104758855,
        0.47398474102928523,
        0.4660054866283659,
        0.4643959980162363,
        0.4562880113011315,
        0.4497066627419184,
        0.4311007819478474,
        0.4397978148763142,
        0.4301778333527701,
        0.4247164142037195,
        0.42967718934255933,
        0.4179870334882585,
        0.4195686498331645,
        0.40735008390176863,
        0.4020336738654545,
        0.3977867421649751,
        0.3917090859678056,
        0.4001668637234067,
        0.3862611400702643,
        0.38324705759684247,
        0.37906923866461195,
        0.357411917476427,
        0.3646605099950518,
        0.3621768390848523,
        0.3569068941805098,
        0.33510933650864494,
        0.34928500262044726,
        0.33119844184035346,
        0.33516611560942633,
        0.32794804043240017,
        0.3154496233614664,
        0.307795511115165
    ],
    "validation_acc": [
        50.0,
        58.5,
        64.66666666666667,
        62.666666666666664,
        64.83333333333333,
        68.16666666666667,
        69.16666666666667,
        68.0,
        68.66666666666667,
        68.66666666666667,
        71.5,
        72.66666666666667,
        72.0,
        72.83333333333333,
        73.0,
        73.83333333333333,
        73.83333333333333,
        75.0,
        73.66666666666667,
        74.0,
        75.5,
        74.33333333333333,
        75.0,
        74.83333333333333,
        75.5,
        75.16666666666667,
        74.33333333333333,
        73.33333333333333,
        75.16666666666667,
        75.0,
        76.16666666666667,
        75.83333333333333,
        75.0,
        75.33333333333333,
        76.33333333333333,
        75.16666666666667,
        77.33333333333333,
        76.16666666666667,
        76.66666666666667,
        76.66666666666667,
        78.16666666666667,
        76.33333333333333,
        77.33333333333333,
        76.16666666666667,
        77.0,
        78.83333333333333,
        77.0,
        78.16666666666667,
        78.16666666666667,
        79.83333333333333
    ],
    "validation_loss": [
        0.6905872288503145,
        0.6762199182259409,
        0.6462201319242779,
        0.647105579313479,
        0.6362796268965069,
        0.6174233336197702,
        0.6090804683534723,
        0.6085228245509299,
        0.5933309762101424,
        0.5944294004063857,
        0.5723968336456701,
        0.5637988746166229,
        0.5543658827480517,
        0.5579841638866224,
        0.5591612395487333,
        0.5412419940295973,
        0.5372952505161888,
        0.5332478598544472,
        0.5347105625428652,
        0.5314469776655498,
        0.5241819290738357,
        0.5264090832911039,
        0.509781721391176,
        0.5212188566985884,
        0.5278492020933252,
        0.5118085757682198,
        0.5091160316216318,
        0.5452753077996405,
        0.4950394661802995,
        0.5114541743931017,
        0.5048651334486509,
        0.5362410035572553,
        0.48747098759600993,
        0.48833074852039937,
        0.4871561119430943,
        0.48502869041342483,
        0.4887009498320128,
        0.4735225266531894,
        0.5056329981276864,
        0.46547162689660726,
        0.48911495271481964,
        0.4797294861391971,
        0.4714386102400328,
        0.48676752103002446,
        0.47407026667343943,
        0.4832499905636436,
        0.4939823111421184,
        0.4759509563446045,
        0.49726258453569916,
        0.46631735092715215
    ]
}