{
    "train_acc": [
        50.3,
        53.65,
        56.4,
        59.5,
        61.75,
        64.25,
        66.95,
        66.9,
        68.1,
        68.25,
        69.2,
        71.0,
        70.85,
        72.3,
        71.95,
        73.3,
        72.5,
        75.05,
        75.15,
        74.45,
        74.75,
        75.25,
        77.5,
        76.3,
        76.65,
        76.95,
        76.75,
        77.55,
        78.9,
        78.7,
        79.0,
        79.8,
        77.75,
        80.0,
        79.75,
        80.15,
        80.2,
        79.55,
        81.4,
        81.9,
        80.7,
        81.65,
        81.2,
        82.75,
        81.55,
        81.5,
        83.05,
        82.6,
        84.2,
        83.4
    ],
    "train_loss": [
        0.6947701563910832,
        0.6894891318820772,
        0.6848126962071374,
        0.6710291410249377,
        0.6553965239297777,
        0.6414886249436272,
        0.6199792453220913,
        0.609616176949607,
        0.6080301380346692,
        0.59520594562803,
        0.5807551500343141,
        0.5693550956627679,
        0.5627341137992011,
        0.5531365961309463,
        0.5696083756666335,
        0.5482259643456292,
        0.5444768553688413,
        0.5311791144666218,
        0.5308248490568191,
        0.5236935809491172,
        0.5266411451120225,
        0.5108242848562816,
        0.49092574630464825,
        0.4981991336459205,
        0.48987003120165024,
        0.48818305371299625,
        0.4958859719927349,
        0.465640186790436,
        0.46763097861456493,
        0.45454828890543136,
        0.4621832129501161,
        0.4587799547210572,
        0.4592566274934345,
        0.43919510216940016,
        0.4400353391492178,
        0.4299534417334057,
        0.43274309143187506,
        0.42241946666959734,
        0.422070512695918,
        0.4124477157990138,
        0.4260547189485459,
        0.4065059189285551,
        0.4163836841545408,
        0.397455265834218,
        0.40915800465477836,
        0.4161872731314765,
        0.3852146246603557,
        0.38669344948397744,
        0.3745534025014393,
        0.3711507216332451
    ],
    "validation_acc": [
        50.0,
        52.0,
        58.5,
        61.666666666666664,
        63.5,
        63.333333333333336,
        66.66666666666667,
        67.5,
        63.833333333333336,
        69.33333333333333,
        70.66666666666667,
        71.16666666666667,
        71.16666666666667,
        71.0,
        70.83333333333333,
        72.66666666666667,
        72.33333333333333,
        73.33333333333333,
        72.16666666666667,
        73.33333333333333,
        71.66666666666667,
        73.83333333333333,
        72.66666666666667,
        76.0,
        72.83333333333333,
        71.66666666666667,
        74.33333333333333,
        74.33333333333333,
        72.16666666666667,
        74.66666666666667,
        74.83333333333333,
        72.66666666666667,
        74.5,
        74.0,
        74.83333333333333,
        74.83333333333333,
        76.5,
        75.66666666666667,
        76.5,
        77.0,
        77.66666666666667,
        77.33333333333333,
        78.16666666666667,
        77.33333333333333,
        76.33333333333333,
        78.5,
        77.66666666666667,
        78.0,
        77.66666666666667,
        77.16666666666667
    ],
    "validation_loss": [
        0.6932767127689562,
        0.6915635090125235,
        0.6727435839803595,
        0.6640033878778157,
        0.6492195192136263,
        0.6372933168160287,
        0.622528811818675,
        0.6165041107880441,
        0.6451708235238728,
        0.599231133335515,
        0.5866577515476629,
        0.583351847372557,
        0.5870970362111142,
        0.5785050407836312,
        0.588714671762366,
        0.573702617695457,
        0.5670400026597475,
        0.5601945864526849,
        0.5744144524398603,
        0.5527714067383817,
        0.5617170035839081,
        0.5434046262188962,
        0.5592100541842612,
        0.5513937159588462,
        0.5545638391846105,
        0.5722006229977858,
        0.5366100480681971,
        0.5322977994617663,
        0.5572189931806765,
        0.5549459857375998,
        0.516290943873556,
        0.5386606721501601,
        0.5153412285603975,
        0.5153065386571383,
        0.5140881091356277,
        0.5070279664114902,
        0.5028628895157262,
        0.5083493402129725,
        0.5032796146054017,
        0.49015126887120697,
        0.4902479413308595,
        0.4892552542059045,
        0.4828721880912781,
        0.5013119390136317,
        0.5128433124015206,
        0.4800709909514377,
        0.48561666513744156,
        0.49226340808366476,
        0.47698854772668137,
        0.4800434990933067
    ]
}